sku,code_barre_128,designation,emplacement_id,poids_kg,longueur_cm,largeur_cm,hauteur_cm,cout_de_revient_total,stock_systeme,classe_abc
FUS-012274,C1289380910078,Boîte fusibles relais,A1F03DD,0.05,6.2,3.0,2.3,6.66,3,A
SPK-037015,C1289813538644,Bougie allumage iridium,A1E05ED,0.14,11.5,2.1,2.3,12.92,19,A
SPK-032784,C1286520158405,Bougie allumage iridium,A1F03DC,0.12,12.0,2.5,2.1,9.18,120,C
SPK-033463,C1287629883888,Bougie allumage iridium,A1F03DG,0.13,10.2,2.1,3.0,11.87,117,B
SPK-041264,C1281273371854,Bougie allumage iridium,A1E05EC,0.08,13.7,2.2,2.2,10.81,33,A
SPK-044634,C1284501536709,Bougie allumage iridium,A1E05EG,0.12,10.4,2.5,2.6,16.02,61,A
SPK-047479,C1281153250194,Bougie allumage iridium,A1F07ED,0.12,10.7,2.8,2.3,16.44,33,A
FUS-025154,C1285032224356,Boîte fusibles relais,A1F07EC,0.12,5.3,4.1,3.2,15.93,83,B
FUS-038399,C1285886702509,Boîte fusibles relais,A1A07CD,0.09,5.3,3.3,4.0,9.18,41,C
SPK-013876,C1282203435317,Bougie allumage iridium,A1F07EG,0.14,12.1,2.0,2.9,13.78,96,A
SPK-031992,C1284119689361,Bougie allumage iridium,A1A07CG,0.14,13.4,2.2,2.4,13.92,30,C
SPK-045582,C1289723987543,Bougie allumage iridium,A1D05CD,0.11,11.0,2.8,2.3,10.78,42,B
FUS-037465,C1285111197425,Boîte fusibles relais,A1A06DD,0.07,6.5,4.2,2.6,9.24,95,B
SPK-003680,C1289876483645,Bougie allumage iridium,A1D05CC,0.09,11.9,2.0,3.0,14.80,95,C
SPK-028518,C1287782433842,Bougie allumage iridium,A1A06DG,0.08,10.8,2.1,3.2,17.09,69,B
SPK-031351,C1281493465170,Bougie allumage iridium,A1D05CG,0.09,10.5,3.5,2.0,11.84,8,B
SPK-039676,C1288696702444,Bougie allumage iridium,A1D03A02,0.14,13.4,2.0,2.8,11.13,112,A
SPK-014779,C1282230394139,Bougie allumage iridium,A1D03A01,0.12,13.4,2.5,2.3,16.94,109,A
SPK-043767,C1283026936659,Bougie allumage iridium,A1C02CD,0.1,12.7,3.1,2.0,10.76,39,A
SPK-041728,C1288089036870,Bougie allumage iridium,A1A08B10,0.15,13.2,2.5,2.4,11.53,29,C
FUS-007272,C1287223590207,Boîte fusibles relais,A1C02CC,0.12,8.9,4.5,2.0,13.23,37,B
SPK-033608,C1284155898071,Bougie allumage iridium,A1A08B09,0.1,11.6,2.1,3.3,12.17,93,C
SPK-003219,C1289480506531,Bougie allumage iridium,A1C02CG,0.08,10.0,2.6,3.1,11.08,50,A
SPK-031716,C1288126369934,Bougie allumage iridium,A1A08B08,0.15,12.7,2.1,3.1,15.03,100,C
SPK-038738,C1286493816515,Bougie allumage iridium,A1A08B07,0.14,13.2,3.0,2.1,19.03,102,C
SPK-048891,C1289124776778,Bougie allumage iridium,A1A08B06,0.1,10.5,3.0,2.7,9.93,61,C
FUS-048284,C1285440632021,Boîte fusibles relais,A1A08B05,0.11,6.9,3.8,3.3,12.13,32,C
SPK-024219,C1282207265325,Bougie allumage iridium,A1D04B10,0.13,10.5,2.5,3.3,8.39,54,A
SPK-039230,C1281751019673,Bougie allumage iridium,A1D04B09,0.09,13.5,2.1,3.1,20.70,39,A
SPK-007589,C1287869698302,Bougie allumage iridium,A1A08B04,0.09,10.7,2.3,3.8,11.69,116,C
SPK-005323,C1286618576292,Bougie allumage iridium,A1A08B03,0.1,12.7,3.7,2.0,20.05,25,C
FUS-026474,C1288410544164,Boîte fusibles relais,A1D04B08,0.13,6.8,5.8,2.4,13.03,113,B
FUS-047900,C1286102093227,Boîte fusibles relais,A1A08B02,0.06,6.9,5.6,2.5,13.14,120,C
SPK-043295,C1285857802307,Bougie allumage iridium,A1D04B07,0.1,11.8,3.6,2.3,9.51,42,A
SPK-049990,C1287714893734,Bougie allumage iridium,A1D04B06,0.11,13.4,2.4,3.2,9.67,109,B
SPK-032617,C1281456073458,Bougie allumage iridium,A1A08B01,0.09,11.7,2.6,3.4,18.02,29,B
SPK-047981,C1285538734151,Bougie allumage iridium,A1C04A02,0.1,13.0,2.6,3.1,16.58,55,C
SPK-042345,C1286424668555,Bougie allumage iridium,A1D04B05,0.14,13.7,3.9,2.0,13.72,118,A
SPK-015272,C1288002011288,Bougie allumage iridium,A1C04A01,0.13,13.9,3.5,2.2,17.05,87,C
SPK-027512,C1282241148085,Bougie allumage iridium,A1D04B04,0.1,10.0,3.6,3.0,10.45,45,B
FUS-025261,C1285867737261,Boîte fusibles relais,A1B02DD,0.16,6.4,7.7,2.2,10.66,48,C
SPK-017734,C1288107776096,Bougie allumage iridium,A1D04B03,0.14,10.1,3.6,3.0,14.06,101,B
SPK-020617,C1285377404444,Bougie allumage iridium,A1D04B02,0.08,12.3,2.4,3.7,8.71,71,B
SPK-035054,C1282457663062,Bougie allumage iridium,A1D04B01,0.14,10.8,3.9,2.6,16.36,19,A
SPK-012736,C1288424078807,Bougie allumage iridium,A1B02DG,0.13,11.0,3.5,2.9,12.57,35,B
SPK-048379,C1286299708647,Bougie allumage iridium,A1B04DD,0.1,11.4,3.5,2.8,18.55,112,C
SPK-038087,C1281725403805,Bougie allumage iridium,A1D06CD,0.11,13.6,3.0,2.8,14.45,78,B
BLB-023387,C1286491957517,Ampoule LED H7,A1B04DG,0.08,6.2,4.3,4.3,18.62,91,C
SPK-046911,C1281844012621,Bougie allumage iridium,A1F06FD,0.14,13.0,3.7,2.4,10.50,31,C
SPK-005591,C1288189811711,Bougie allumage iridium,A1D06CC,0.08,11.0,3.5,3.0,15.86,103,B
FUS-021849,C1284456396563,Boîte fusibles relais,A1F06FC,0.06,5.5,5.4,3.9,9.78,59,C
SPK-025943,C1286929531938,Bougie allumage iridium,A1D06CG,0.11,11.8,3.4,2.9,15.73,53,B
SEN-006586,C1281511111323,Capteur ABS,A1F02CD,0.34,8.7,4.2,3.2,27.29,116,A
FUS-042252,C1284823833742,Boîte fusibles relais,A1F02CC,0.17,7.4,4.4,3.6,12.41,62,A
SPK-013663,C1285016271670,Bougie allumage iridium,A1F02CG,0.09,10.5,3.5,3.2,21.08,26,A
SPK-041040,C1285726829831,Bougie allumage iridium,A1E04DD,0.1,13.2,2.9,3.1,13.83,66,B
FUS-005948,C1289842751727,Boîte fusibles relais,A1E04DC,0.18,10.6,3.5,3.2,14.83,19,A
FUS-037574,C1288632546527,Boîte fusibles relais,A1E04DG,0.08,7.7,4.3,3.6,15.74,71,A
FUS-016622,C1289608566367,Boîte fusibles relais,A1F06FG,0.18,6.6,5.5,3.3,12.75,26,B
SPK-048340,C1281210629594,Bougie allumage iridium,A1E02A02,0.13,12.3,2.8,3.5,18.22,67,C
FUS-002503,C1281257712694,Boîte fusibles relais,A1E06ED,0.06,12.0,4.2,2.4,13.93,82,A
SPK-000681,C1287199353684,Bougie allumage iridium,A1E02A01,0.09,10.9,3.7,3.0,12.04,35,C
SPK-044783,C1283606766661,Bougie allumage iridium,A1E06EC,0.14,13.5,3.1,2.9,16.71,94,B
FUS-031151,C1288317156947,Boîte fusibles relais,A1F04ED,0.15,7.9,3.5,4.4,11.89,119,C
FUS-018672,C1282884374026,Boîte fusibles relais,A1F04EC,0.18,6.2,4.3,4.6,8.53,90,C
FUS-017681,C1282316471073,Boîte fusibles relais,A1F04EG,0.12,9.5,4.8,2.7,6.69,97,C
SPK-005520,C1281128556257,Bougie allumage iridium,A1E06EG,0.11,11.6,2.9,3.7,17.43,74,A
FUS-027893,C1282837937481,Boîte fusibles relais,A1A09A02,0.07,10.2,4.9,2.5,13.79,63,C
FUS-000230,C1281201440921,Boîte fusibles relais,A1A09A01,0.11,11.6,3.1,3.5,14.87,111,B
FUS-029617,C1288720158656,Boîte fusibles relais,A1B08A02,0.16,5.7,5.4,4.1,5.98,68,A
SPK-036601,C1286879233440,Bougie allumage iridium,A1B08A01,0.15,11.6,3.9,2.8,13.06,9,A
SPK-023265,C1281192769932,Bougie allumage iridium,A1C01B10,0.1,13.7,2.4,3.9,12.97,62,A
SPK-017528,C1283833088834,Bougie allumage iridium,A1C01B09,0.14,11.5,3.4,3.3,14.77,100,A
BLB-029157,C1288832799847,Ampoule LED H7,A1B01CD,0.11,6.3,5.0,4.1,19.70,2,C
SEN-008012,C1285292435739,Capteur ABS,A1C01B08,0.34,9.5,4.3,3.2,23.15,109,A
BLB-004752,C1281687407481,Ampoule LED H7,A1B01CG,0.07,7.1,4.5,4.1,24.65,86,C
SPK-036384,C1287258649839,Bougie allumage iridium,A1B05CD,0.15,10.2,3.8,3.4,16.09,5,C
FUS-030639,C1285263173598,Boîte fusibles relais,A1C01B07,0.17,8.3,4.3,3.7,11.44,113,A
SPK-034162,C1286721924448,Bougie allumage iridium,A1B05CG,0.14,13.8,2.9,3.3,10.72,29,B
SPK-032001,C1289447107039,Bougie allumage iridium,A1C06A02,0.11,13.1,3.9,2.6,12.46,62,C
SPK-034491,C1282064154736,Bougie allumage iridium,A1C01B06,0.13,11.1,3.9,3.1,9.44,19,B
FUS-020961,C1281965612420,Boîte fusibles relais,A1C06A01,0.08,9.6,6.7,2.1,10.81,1,B
FUS-018600,C1281390690630,Boîte fusibles relais,A1C03B10,0.12,10.8,3.8,3.3,10.41,108,C
BLB-030933,C1283429041173,Ampoule LED H7,A1C01B05,0.05,6.0,4.0,5.8,11.12,1,B
BLB-000648,C1282315355454,Ampoule LED H7,A1C03B09,0.09,6.5,4.1,5.4,13.21,21,C
SPK-024360,C1282736649162,Bougie allumage iridium,A1C01B04,0.11,12.9,3.3,3.4,11.54,1,A
BLB-018376,C1282371480557,Ampoule LED H7,A1C03B08,0.12,6.3,4.6,5.0,14.16,96,B
FUS-041719,C1286258572818,Boîte fusibles relais,A1C01B03,0.17,5.3,6.7,4.1,10.21,114,B
BLB-020720,C1283415470326,Ampoule LED H7,A1C01B02,0.12,6.0,4.5,5.4,23.00,32,B
BLB-024109,C1283583063929,Ampoule LED H7,A1C01B01,0.08,7.1,4.5,4.6,16.99,93,A
SPK-016464,C1283248245776,Bougie allumage iridium,A1C03B07,0.14,12.8,3.6,3.2,16.94,104,C
BLB-036030,C1286885797249,Ampoule LED H7,A1C05B10,0.05,8.6,4.1,4.2,24.93,49,A
FUS-013874,C1289497788383,Boîte fusibles relais,A1C03B06,0.09,9.0,7.5,2.2,13.25,13,B
SEN-016678,C1283126332914,Capteur ABS,A1C05B09,0.31,8.6,5.4,3.2,49.21,86,B
BLB-043355,C1282118015604,Ampoule LED H7,A1C05B08,0.08,8.5,4.1,4.3,22.92,100,A
FUS-020125,C1286713984918,Boîte fusibles relais,A1C05B07,0.05,6.8,7.7,2.9,6.86,13,A
SEN-038683,C1289187787082,Capteur ABS,A1C03B05,0.22,10.9,4.1,3.4,48.80,42,C
BLB-030334,C1283058007765,Ampoule LED H7,A1C05B06,0.08,6.8,5.0,4.5,16.03,16,A
BLB-006536,C1288458487265,Ampoule LED H7,A1C05B05,0.09,6.2,4.7,5.3,23.00,14,B
SPK-049854,C1289831235372,Bougie allumage iridium,A1C05B04,0.13,12.8,3.7,3.3,15.32,74,A
FUS-012962,C1283869605510,Boîte fusibles relais,A1C05B03,0.16,11.2,3.5,4.0,14.73,23,A
BLB-013258,C1288717301844,Ampoule LED H7,A1C05B02,0.09,7.3,5.0,4.3,10.07,16,A
SPK-006012,C1286233276262,Bougie allumage iridium,A1C05B01,0.12,13.9,3.0,3.8,11.49,22,A
FUS-024003,C1281251659297,Boîte fusibles relais,A1C03B04,0.11,5.3,6.7,4.5,15.10,66,C
BLB-033065,C1281896093157,Ampoule LED H7,A1C03B03,0.1,9.1,4.3,4.1,27.38,74,B
BLB-021075,C1289775537735,Ampoule LED H7,A1D07B10,0.05,6.1,4.5,5.9,17.11,58,B
BLB-016646,C1282639632424,Ampoule LED H7,A1D07B09,0.1,6.3,4.7,5.5,23.17,28,A
BLB-002629,C1283070655895,Ampoule LED H7,A1C03B02,0.1,6.7,5.8,4.2,24.04,19,C
FUS-042538,C1288837841708,Boîte fusibles relais,A1D07B08,0.15,5.7,7.6,3.8,15.87,52,A
FUS-025439,C1287824325176,Boîte fusibles relais,A1D07B07,0.07,9.6,6.6,2.6,10.38,91,B
FUS-029234,C1289832630389,Boîte fusibles relais,A1D07B06,0.1,5.4,6.4,4.8,6.85,109,A
BLB-029189,C1285432122659,Ampoule LED H7,A1D07B05,0.05,6.4,5.0,5.2,21.18,50,B
FUS-003501,C1283594302097,Boîte fusibles relais,A1D07B04,0.17,5.7,6.5,4.5,15.37,93,B
BLB-039536,C1289222702471,Ampoule LED H7,A1C03B01,0.09,7.6,4.9,4.5,21.79,78,C
FUS-003395,C1285373209014,Boîte fusibles relais,A1D02A02,0.09,9.4,3.8,4.7,12.07,52,C
BLB-012908,C1282699292001,Ampoule LED H7,A1D02A01,0.08,10.0,4.1,4.1,26.10,16,C
BLB-011881,C1286827692760,Ampoule LED H7,A1D07B03,0.1,7.1,4.4,5.4,25.48,19,B
FUS-041410,C1287579702925,Boîte fusibles relais,A1B06B10,0.05,8.5,4.9,4.1,15.93,53,B
BLB-010587,C1289120568108,Ampoule LED H7,A1D07B02,0.08,7.2,4.2,5.7,22.81,38,A
SEN-045144,C1287566462869,Capteur ABS,A1D07B01,0.31,11.1,5.1,3.1,41.89,40,B
SEN-000333,C1284260618093,Capteur ABS,A1B07B10,0.23,9.3,6.1,3.1,23.56,9,B
BLB-041271,C1286684391469,Ampoule LED H7,A1B07B09,0.1,7.3,4.1,5.9,24.44,20,A
BLB-019537,C1284672311650,Ampoule LED H7,A1B06B09,0.05,8.8,4.7,4.3,12.90,119,C
FUS-007872,C1288902339451,Boîte fusibles relais,A1B06B08,0.05,6.6,7.5,3.6,9.25,33,C
SEN-001520,C1286426859065,Capteur ABS,A1B07B08,0.34,8.4,4.9,4.4,43.07,70,A
BLB-020402,C1286085342601,Ampoule LED H7,A1B06B07,0.09,7.3,4.3,5.8,13.13,84,C
FUS-019025,C1284907545602,Boîte fusibles relais,A1B06B06,0.11,6.2,5.9,5.0,11.13,112,C
BLB-029924,C1286653448441,Ampoule LED H7,A1B06B05,0.11,9.9,4.4,4.2,13.40,109,B
BLB-047123,C1284131523818,Ampoule LED H7,A1B07B07,0.09,6.7,5.3,5.2,18.92,93,A
BLB-003874,C1284148286464,Ampoule LED H7,A1B06B04,0.1,7.9,5.0,4.7,20.22,65,C
BLB-024496,C1288201322064,Ampoule LED H7,A1B06B03,0.12,7.3,5.0,5.1,13.35,64,C
BLB-017400,C1286177356548,Ampoule LED H7,A1B06B02,0.1,9.9,4.6,4.1,20.92,46,C
FUS-034892,C1281843172583,Boîte fusibles relais,A1B06B01,0.18,10.1,3.8,4.9,11.96,114,C
FUS-005803,C1281037718380,Boîte fusibles relais,A1B07B06,0.15,6.8,7.3,3.8,9.28,20,A
BLB-037942,C1289352728103,Ampoule LED H7,A1B07B05,0.1,7.3,4.4,5.9,18.79,116,A
FUS-023665,C1289701919536,Boîte fusibles relais,A1E07CD,0.18,6.6,7.8,3.7,10.19,44,C
FUS-028100,C1289493290100,Boîte fusibles relais,A1E07CC,0.15,10.6,6.7,2.7,12.14,88,C
BLB-021079,C1288940046911,Ampoule LED H7,A1B07B04,0.1,9.0,5.2,4.1,13.93,0,A
SEN-010389,C1289812239769,Capteur ABS,A1B07B03,0.33,12.1,4.3,3.7,23.28,53,B
BLB-033665,C1289782067405,Ampoule LED H7,A1B07B02,0.09,9.0,4.5,4.8,24.28,33,A
BLB-008471,C1288605998224,Ampoule LED H7,A1E07CG,0.08,7.5,5.1,5.1,16.28,78,C
BLB-048487,C1281293392891,Ampoule LED H7,A1B07B01,0.08,9.2,5.2,4.1,17.67,23,A
FUS-006924,C1288998431765,Boîte fusibles relais,A1F01B10,0.14,5.5,7.9,4.6,14.31,47,A
BLB-040946,C1285692373612,Ampoule LED H7,A1F01B09,0.09,9.6,4.1,5.1,20.23,59,B
BLB-010521,C1286161872765,Ampoule LED H7,A1E03B10,0.11,7.4,5.0,5.5,26.19,85,B
FUS-025170,C1283564529139,Boîte fusibles relais,A1E03B09,0.14,9.5,5.5,3.9,15.46,95,C
FUS-013117,C1285428975534,Boîte fusibles relais,A1F01B08,0.13,6.3,7.2,4.5,12.77,46,A
FUS-039684,C1281746528253,Boîte fusibles relais,A1E03B08,0.19,10.9,5.7,3.3,10.28,30,B
BLB-007509,C1283754919559,Ampoule LED H7,A1F01B07,0.08,9.2,4.3,5.2,23.47,57,B
SEN-027266,C1289662468575,Capteur ABS,A1F01B06,0.34,10.9,4.2,4.5,36.50,113,A
SEN-017624,C1288948517909,Capteur ABS,A1F01B05,0.2,10.5,4.8,4.1,26.04,18,B
BLB-040788,C1287438348985,Ampoule LED H7,A1E03B07,0.07,8.1,5.7,4.5,14.44,108,C
BLB-016236,C1286323092735,Ampoule LED H7,A1F01B04,0.09,6.3,5.7,5.8,17.51,25,A
BLB-016265,C1283581658911,Ampoule LED H7,A1F01B03,0.06,6.8,5.9,5.2,17.95,57,A
BLB-033548,C1282007715774,Ampoule LED H7,A1F01B02,0.1,10.0,4.9,4.3,14.65,109,B
BLB-048171,C1283408551122,Ampoule LED H7,A1E03B06,0.1,8.0,4.4,6.0,15.89,95,C
BLB-015577,C1283418305797,Ampoule LED H7,A1F01B01,0.1,9.0,4.9,4.8,12.12,15,A
FUS-009657,C1281800312887,Boîte fusibles relais,A1E03B05,0.19,10.6,6.7,3.0,16.31,28,C
BLB-013473,C1281405211336,Ampoule LED H7,A1E03CD,0.07,8.9,4.8,5.0,16.73,86,A
FUS-047266,C1286190236293,Boîte fusibles relais,A1E03CC,0.13,11.2,6.0,3.2,9.96,96,B
FUS-000867,C1287451088240,Boîte fusibles relais,A1E03B04,0.06,11.5,4.8,3.9,8.82,71,C
SEN-006158,C1287534900180,Capteur ABS,A1E03B03,0.34,11.1,4.8,4.1,44.17,96,B
FUS-026755,C1289528049213,Boîte fusibles relais,A1E03CG,0.14,9.5,5.9,3.9,13.78,99,A
SEN-049782,C1281993699011,Capteur ABS,A1E03B02,0.23,9.5,4.9,4.7,45.52,98,B
BLB-017408,C1287626052719,Ampoule LED H7,A1E07DD,0.1,9.3,4.4,5.4,18.61,79,A
SEN-013569,C1286314774738,Capteur ABS,A1E07DC,0.27,8.7,6.4,4.0,29.49,111,B
BLB-048086,C1281893211400,Ampoule LED H7,A1E07DG,0.06,7.8,5.5,5.2,28.18,100,B
SEN-009115,C1283075362990,Capteur ABS,A1E03B01,0.36,11.4,4.5,4.4,38.82,89,C
BLB-033452,C1286587694262,Ampoule LED H7,A1B06CD,0.12,9.0,6.0,4.2,28.13,88,B
BLB-047201,C1284951189769,Ampoule LED H7,A1F05FD,0.07,7.7,5.0,5.9,19.91,63,C
BLB-000882,C1286249514740,Ampoule LED H7,A1B06CG,0.1,9.4,5.5,4.4,14.68,80,A
BLB-044971,C1285036688536,Ampoule LED H7,A1F05FC,0.09,7.9,6.0,4.8,17.70,86,C
BLB-034578,C1287435369051,Ampoule LED H7,A1F05FG,0.11,8.8,4.9,5.3,28.91,66,C
FUS-022678,C1286059649006,Boîte fusibles relais,A1A10A02,0.18,7.6,6.6,4.6,13.08,73,A
FUS-004135,C1287768362666,Boîte fusibles relais,A1A10A01,0.15,8.5,7.6,3.6,10.02,99,A
FUS-025006,C1281303521341,Boîte fusibles relais,A1C03CD,0.11,11.1,4.4,4.8,16.64,100,A
SEN-034917,C1288375809265,Capteur ABS,A1B07A02,0.39,10.9,7.1,3.1,35.07,37,C
SEN-015192,C1282394211987,Capteur ABS,A1B07A01,0.36,10.9,6.7,3.3,26.68,103,C
BLB-043006,C1281647476872,Ampoule LED H7,A1C03CC,0.11,9.5,4.4,5.8,20.42,43,B
FUS-036883,C1282737498098,Boîte fusibles relais,A1C03CG,0.1,9.5,6.9,3.7,12.22,78,B
SEN-023771,C1286511007223,Capteur ABS,A1F01A02,0.2,10.9,7.2,3.1,50.24,34,B
FUS-024539,C1283647712035,Boîte fusibles relais,A1B05DD,0.11,9.8,5.3,4.7,9.94,89,A
SEN-000887,C1285371780249,Capteur ABS,A1B05DG,0.3,8.5,7.6,3.8,33.41,7,B
SEN-034457,C1285777669586,Capteur ABS,A1F01A01,0.3,14.3,4.2,4.1,35.05,62,B
FUS-034590,C1286253079249,Boîte fusibles relais,A1B01DD,0.15,7.7,6.4,5.0,9.44,90,B
BLB-009934,C1289342488575,Ampoule LED H7,A1D07A02,0.06,9.4,4.6,5.7,15.95,105,B
BLB-043127,C1284417377144,Ampoule LED H7,A1D07A01,0.1,9.6,4.6,5.6,19.75,100,C
BLB-020776,C1289985678128,Ampoule LED H7,A1C05A02,0.11,9.7,5.6,4.7,14.40,79,C
BLB-028682,C1288954155738,Ampoule LED H7,A1B01DG,0.08,9.3,5.0,5.5,24.85,46,A
FUS-046243,C1289101832124,Boîte fusibles relais,A1F04FD,0.11,10.5,5.7,4.3,14.87,45,A
SEN-013889,C1287627752763,Capteur ABS,A1C05A01,0.12,13.9,4.9,3.8,33.60,87,C
BLB-027298,C1282172049981,Ampoule LED H7,A1C01A02,0.07,8.9,5.5,5.3,13.39,26,B
SEN-039168,C1285295734877,Capteur ABS,A1C01A01,0.37,9.7,6.7,4.0,42.80,36,B
BLB-012281,C1281678338998,Ampoule LED H7,A1E06DD,0.1,9.6,5.0,5.5,26.57,60,C
SEN-006021,C1287739163793,Capteur ABS,A1E06DC,0.38,9.0,7.4,4.0,21.71,96,B
BLB-030464,C1288024841718,Ampoule LED H7,A1F04FC,0.1,8.7,5.9,5.2,21.91,29,B
FUS-011125,C1283800578284,Boîte fusibles relais,A1E06DG,0.07,8.5,7.0,4.6,11.15,63,C
FUS-023518,C1283556192464,Boîte fusibles relais,A1E04CD,0.11,10.0,7.4,3.7,11.73,103,B
BLB-025685,C1284773483441,Ampoule LED H7,A1F04FG,0.08,9.0,5.2,5.9,22.70,59,B
SEN-031598,C1286536038177,Capteur ABS,A1D02B10,0.29,9.1,7.8,3.9,29.23,57,A
SEN-046955,C1285117194869,Capteur ABS,A1E04CC,0.2,9.4,7.4,4.0,24.64,14,C
SEN-020721,C1288465214436,Capteur ABS,A1E04CG,0.4,12.5,4.2,5.3,40.72,27,B
SEN-040933,C1285174311874,Capteur ABS,A1F02B10,0.13,10.3,7.0,3.9,27.53,117,C
SEN-017216,C1286111017425,Capteur ABS,A1F02B09,0.33,11.2,4.9,5.2,41.07,110,B
FUS-022515,C1287528775921,Boîte fusibles relais,A1D02B09,0.08,10.8,6.3,4.2,9.27,70,A
SEN-007840,C1286220622488,Capteur ABS,A1F02B08,0.17,8.4,5.8,5.9,36.76,46,C
SEN-019139,C1288127595631,Capteur ABS,A1F02B07,0.12,12.9,5.2,4.3,26.43,93,B
SEN-017275,C1287713955172,Capteur ABS,A1F02B06,0.2,12.1,5.1,4.7,30.44,3,C
SEN-002623,C1285758487143,Capteur ABS,A1D02B08,0.28,13.1,6.0,3.7,48.99,79,A
BLB-005098,C1285453735907,Ampoule LED H7,A1F02B05,0.09,9.5,5.2,5.9,17.79,4,C
BLB-011731,C1287326105640,Ampoule LED H7,A1D02B07,0.05,9.5,5.8,5.3,21.71,27,A
BLB-037992,C1284904215120,Ampoule LED H7,A1D02B06,0.09,9.7,5.8,5.2,18.71,92,A
SEN-031681,C1289425248759,Capteur ABS,A1F02B04,0.18,14.5,6.4,3.2,43.73,91,B
FUS-044192,C1287787469710,Boîte fusibles relais,A1F02B03,0.09,8.8,7.5,4.5,11.42,4,C
SEN-049426,C1284234363008,Capteur ABS,A1F02B02,0.28,12.5,7.0,3.4,40.37,36,C
SEN-026353,C1283582049848,Capteur ABS,A1D02B05,0.36,14.1,6.6,3.2,29.33,87,A
FUS-040638,C1285539341738,Boîte fusibles relais,A1D02B04,0.06,9.2,6.8,4.8,6.17,108,A
SEN-002321,C1281108309643,Capteur ABS,A1D02B03,0.37,10.3,7.3,4.0,30.33,42,A
SEN-035854,C1286562068619,Capteur ABS,A1D02B02,0.32,8.4,6.3,5.7,24.92,62,B
SEN-043458,C1283215322036,Capteur ABS,A1F02B01,0.18,13.3,4.7,4.9,38.23,30,B
SEN-014947,C1281475664092,Capteur ABS,A1D06B10,0.33,8.9,5.9,5.9,35.26,3,B
FUS-043943,C1288913025539,Boîte fusibles relais,A1D02B01,0.17,11.2,7.8,3.6,14.98,117,A
SEN-002566,C1288255374470,Capteur ABS,A1A09B10,0.29,12.9,6.6,3.7,26.15,37,A
SEN-008607,C1284806152894,Capteur ABS,A1D06B09,0.39,8.9,6.0,5.9,30.16,85,B
FUS-047328,C1283381736189,Boîte fusibles relais,A1A09B09,0.18,10.7,7.8,3.8,9.97,93,B
SEN-001406,C1288497525265,Capteur ABS,A1D06B08,0.25,11.5,4.6,6.0,30.91,41,C
SEN-010442,C1285623221304,Capteur ABS,A1A09B08,0.31,12.5,5.2,4.9,22.70,47,B
SEN-020563,C1282875722205,Capteur ABS,A1A09B07,0.16,12.3,4.5,5.9,30.42,22,A
SEN-026048,C1283467345641,Capteur ABS,A1A09B06,0.4,8.6,7.2,5.3,42.19,35,A
FUS-030780,C1284114354932,Boîte fusibles relais,A1D06B07,0.14,11.9,7.9,3.5,14.67,31,C
SEN-041211,C1287261196414,Capteur ABS,A1A09B05,0.32,11.6,7.3,3.9,34.09,109,A
FUS-035842,C1287699169429,Boîte fusibles relais,A1A09B04,0.07,11.5,6.9,4.2,14.41,3,A
SEN-006132,C1282429079435,Capteur ABS,A1D06B06,0.24,14.4,5.8,4.0,28.04,32,B
SEN-007534,C1282889562124,Capteur ABS,A1D06B05,0.19,13.7,4.3,5.7,38.96,89,C
SEN-008939,C1285480595282,Capteur ABS,A1D06B04,0.22,10.7,6.7,4.7,33.63,73,C
SEN-035482,C1289331921355,Capteur ABS,A1A09B03,0.16,10.8,5.6,5.6,30.46,99,B
SEN-010274,C1284579165716,Capteur ABS,A1A09B02,0.4,14.4,4.1,5.8,49.31,76,B
SEN-027362,C1283106187665,Capteur ABS,A1D06B03,0.3,10.8,6.1,5.2,25.20,113,B
SEN-002690,C1282389390624,Capteur ABS,A1A09B01,0.36,14.8,5.3,4.4,33.81,9,B
SEN-020688,C1287926772320,Capteur ABS,A1C06B10,0.36,8.8,7.6,5.3,50.71,50,A
SEN-039445,C1285539084822,Capteur ABS,A1D06B02,0.27,14.8,4.9,4.9,27.76,35,B
SEN-031098,C1284933091632,Capteur ABS,A1D06B01,0.34,14.9,7.5,3.2,46.48,96,C
FUS-036362,C1285829635309,Boîte fusibles relais,A1C06B09,0.11,12.0,7.8,3.9,14.03,68,B
SEN-011039,C1286923307581,Capteur ABS,A1C02B10,0.32,14.9,5.0,5.0,47.14,75,C
SEN-013614,C1283294502215,Capteur ABS,A1C06B08,0.23,9.4,6.8,5.9,22.93,12,B
SEN-040857,C1282708111014,Capteur ABS,A1C06B07,0.24,11.7,7.5,4.3,32.61,68,A
SEN-010337,C1288594540899,Capteur ABS,A1C02B09,0.13,14.4,6.1,4.3,42.24,88,C
SEN-000159,C1284994022840,Capteur ABS,A1C02B08,0.23,11.2,6.5,5.2,26.05,76,C
SEN-010866,C1284706698737,Capteur ABS,A1C06B06,0.22,14.1,4.9,5.5,30.06,34,A
SEN-045412,C1281092606579,Capteur ABS,A1C02B07,0.15,9.6,7.2,5.7,34.05,60,C
SEN-044110,C1289751206012,Capteur ABS,A1C06B05,0.14,14.9,7.3,3.7,27.16,50,B
SEN-032264,C1281565402192,Capteur ABS,A1C06B04,0.33,13.6,6.0,5.0,36.67,26,A
SEN-003185,C1286042680685,Capteur ABS,A1C06B03,0.26,12.1,7.8,4.4,40.98,31,B
SEN-045054,C1281175051239,Capteur ABS,A1C02B06,0.38,12.1,6.8,5.1,38.63,82,C
SEN-037085,C1286803478637,Capteur ABS,A1C06B02,0.28,13.2,5.3,6.0,38.51,51,B
SEN-008244,C1288075158499,Capteur ABS,A1C02B05,0.14,9.4,7.5,6.0,24.08,28,C
SEN-022142,C1283441007961,Capteur ABS,A1C06B01,0.21,12.6,6.0,5.6,24.17,17,A
SEN-012282,C1285781568470,Capteur ABS,A1E02B10,0.14,10.5,7.9,5.5,31.70,56,B
SEN-008528,C1289852829327,Capteur ABS,A1E02B09,0.17,14.1,7.9,4.1,28.07,0,B
SEN-043446,C1281736570864,Capteur ABS,A1C02B04,0.37,12.8,7.7,4.7,49.09,104,C
SEN-002386,C1285678921637,Capteur ABS,A1E02B08,0.29,11.9,6.8,5.8,25.78,75,A
SEN-028615,C1286068317035,Capteur ABS,A1C02B03,0.23,11.4,7.9,5.4,33.60,1,B
SEN-004309,C1281949266269,Capteur ABS,A1E02B07,0.18,14.7,6.8,4.9,28.41,35,A
SEN-022881,C1283321706343,Capteur ABS,A1C02B02,0.19,14.3,6.9,5.0,39.75,116,B
SEN-037239,C1289418992747,Capteur ABS,A1C02B01,0.24,14.9,7.3,4.7,51.02,107,B
SEN-033632,C1281775442816,Capteur ABS,A1A01DD,0.34,14.4,6.6,5.8,47.52,20,B
BRK-021777,C1286772130872,Jeu plaquettes AV,A1A01DG,2.47,16.5,10.7,5.2,34.85,15,B
BRK-022135,C1285181780833,Jeu plaquettes AV,A1E02B06,3.28,15.4,12.4,5.3,70.18,115,B
BRK-002313,C1282128829248,Jeu plaquettes AV,A1E02B05,2.14,15.4,12.0,5.9,57.55,101,A
BRK-038699,C1287812338273,Jeu plaquettes AV,A1E02B04,2.38,16.6,11.7,5.7,63.72,8,A
BRK-028474,C1281710167973,Jeu plaquettes AV,A1E02B03,3.54,19.3,10.7,5.6,69.83,90,B
BRK-032209,C1282885250654,Jeu plaquettes AV,A1A05DD,2.09,15.7,13.2,5.6,47.93,113,C
BRK-020585,C1285182634477,Jeu plaquettes AV,A1E02B02,2.7,15.1,13.1,5.9,62.81,61,A
BRK-012633,C1281853580854,Jeu plaquettes AV,A1A05DG,1.93,20.7,10.9,5.4,68.30,59,C
BRK-020584,C1286511977082,Jeu plaquettes AV,A1D04A02,2.83,18.2,13.3,5.2,39.35,39,B
BRK-046918,C1282559568615,Jeu plaquettes AV,A1D04A01,3.45,15.7,10.1,8.0,37.04,106,C
BRK-046690,C1285517990888,Jeu plaquettes AV,A1E02B01,2.83,22.6,10.6,5.3,64.04,17,A
BRK-030591,C1284431377332,Jeu plaquettes AV,A1A08CD,2.18,15.7,10.6,7.7,61.21,81,A
BRK-009718,C1288711907321,Jeu plaquettes AV,A1A08CG,3.08,22.2,11.2,5.2,33.89,4,A
BRK-038495,C1283803841118,Jeu plaquettes AV,A1A06CD,1.76,18.9,10.3,6.7,49.97,90,C
BRK-036534,C1286299191845,Jeu plaquettes AV,A1D01A02,3.71,19.8,13.1,5.1,78.41,16,A
BRK-016348,C1285951837135,Jeu plaquettes AV,A1D01A01,2.68,15.5,15.1,5.7,77.58,3,B
BRK-004676,C1288231396759,Jeu plaquettes AV,A1D05DD,2.77,15.6,13.5,6.4,35.88,8,A
BRK-010399,C1284239215545,Jeu plaquettes AV,A1D05DC,1.86,22.9,11.4,5.2,32.29,116,A
BRK-036453,C1283520787915,Jeu plaquettes AV,A1D05DG,3.07,15.5,16.9,5.2,37.16,58,B
BRK-036530,C1282280980741,Jeu plaquettes AV,A1A07DD,3.21,21.6,10.1,6.3,72.47,119,A
BRK-041568,C1282106299534,Jeu plaquettes AV,A1A06CG,2.08,19.6,14.0,5.1,49.79,14,C
BRK-048251,C1285925794613,Jeu plaquettes AV,A1A07DG,1.89,15.2,14.8,6.3,61.80,90,A
BRK-042503,C1289745139503,Jeu plaquettes AV,A1F07DD,2.36,16.0,14.4,6.3,44.24,4,C
BRK-008595,C1287910110928,Jeu plaquettes AV,A1F07DC,1.53,21.0,13.2,5.4,34.26,100,C
BRK-037793,C1281180567718,Jeu plaquettes AV,A1F07DG,1.7,24.9,10.4,5.8,44.68,52,C
BRK-044381,C1288747150720,Jeu plaquettes AV,A1C04B10,1.96,17.4,12.9,6.7,33.56,90,A
BRK-005306,C1281227732376,Jeu plaquettes AV,A1E05DD,2.88,15.4,13.1,7.5,41.21,109,C
BRK-002783,C1282679417205,Jeu plaquettes AV,A1C04B09,2.49,24.5,11.9,5.2,49.59,79,B
BRK-042035,C1285873056996,Jeu plaquettes AV,A1C04B08,3.78,24.3,12.5,5.0,39.42,20,A
BRK-024935,C1284384531483,Jeu plaquettes AV,A1C04B07,2.17,16.7,14.1,6.5,75.83,89,A
BRK-002843,C1288680157108,Jeu plaquettes AV,A1E05DC,2.17,21.7,10.8,6.6,45.59,89,C
BRK-031679,C1288440286836,Jeu plaquettes AV,A1E05DG,1.96,17.1,17.4,5.2,57.62,47,C
BRK-038698,C1287626922192,Jeu plaquettes AV,A1F03CD,3.03,16.1,17.8,5.4,53.69,30,C
BRK-000665,C1283088731889,Jeu plaquettes AV,A1C04B06,2.64,15.5,10.7,9.5,39.84,49,B
BRK-035824,C1283074875464,Jeu plaquettes AV,A1F03CC,3.31,16.7,17.0,5.7,77.78,33,C
BRK-043996,C1285325834775,Jeu plaquettes AV,A1C04B05,2.64,19.5,10.4,8.1,50.64,118,B
BRK-033340,C1281366865772,Jeu plaquettes AV,A1F03CG,2.25,20.7,15.7,5.1,43.36,9,C
FLT-035231,C1282275428850,Filtre à air moteur,A1C04B04,0.5,20.6,16.9,4.8,18.16,67,A
BRK-013237,C1285588583762,Jeu plaquettes AV,A1C04B03,3.76,24.1,13.6,5.1,36.66,55,B
BRK-019682,C1287395619503,Jeu plaquettes AV,A1A07B10,2.4,21.9,11.4,6.7,74.38,43,B
BRK-039296,C1281624380302,Jeu plaquettes AV,A1A07B09,3.11,17.7,17.2,5.5,48.28,2,C
BRK-014119,C1289852990291,Jeu plaquettes AV,A1A07B08,2.74,21.8,12.5,6.2,74.50,118,B
BRK-047871,C1281590946901,Jeu plaquettes AV,A1A07B07,2.56,18.1,13.4,7.0,71.90,5,C
BRK-037603,C1284804472240,Jeu plaquettes AV,A1C04B02,3.18,17.2,11.9,8.3,57.66,49,B
BRK-010077,C1287863560953,Jeu plaquettes AV,A1C04B01,2.77,20.4,10.8,7.8,64.18,116,A
FLT-021332,C1282939936231,Filtre à air moteur,A1C07A02,0.42,23.6,14.3,5.1,13.55,82,A
BRK-041228,C1286987584136,Jeu plaquettes AV,A1C07A01,2.97,19.0,11.2,8.1,77.33,115,A
BRK-008094,C1286526790846,Jeu plaquettes AV,A1F03ED,1.71,18.2,11.3,8.4,65.68,109,A
BRK-005978,C1286924492875,Jeu plaquettes AV,A1F03EC,2.05,15.4,14.9,7.7,44.90,37,B
BRK-043609,C1284212030423,Jeu plaquettes AV,A1A07B06,2.03,15.4,12.5,9.2,32.52,17,C
BRK-034353,C1283663411050,Jeu plaquettes AV,A1A07B05,2.71,17.5,16.4,6.2,33.15,112,B
BRK-024335,C1284029423543,Jeu plaquettes AV,A1A07B04,2.03,17.2,16.7,6.2,72.11,14,C
BRK-028837,C1287481974344,Jeu plaquettes AV,A1A07B03,3.53,18.8,15.6,6.1,73.59,112,C
BRK-032339,C1285306651625,Jeu plaquettes AV,A1F03EG,3.02,23.4,14.8,5.2,63.62,67,A
BRK-048883,C1285713305121,Jeu plaquettes AV,A1A07B02,2.06,21.4,15.6,5.4,62.05,44,B
BRK-013102,C1281334267020,Jeu plaquettes AV,A1E01A02,1.93,24.3,12.7,5.9,70.39,47,B
BRK-037405,C1287380720635,Jeu plaquettes AV,A1E01A01,1.7,22.3,15.5,5.3,31.64,13,B
FLT-010582,C1284342076100,Filtre à air moteur,A1E05FD,0.41,22.5,16.7,4.9,22.99,77,A
BRK-043595,C1281391452243,Jeu plaquettes AV,A1E05FC,3.53,20.1,17.4,5.3,45.72,100,A
BRK-002545,C1285037906101,Jeu plaquettes AV,A1A07B01,3.42,19.3,10.7,9.0,33.70,90,C
BRK-044803,C1281455021364,Jeu plaquettes AV,A1E05FG,2.56,20.9,13.9,6.4,56.94,49,B
BRK-013825,C1286227496876,Jeu plaquettes AV,A1D05B10,3.4,17.0,12.6,8.7,64.72,50,C
BRK-033119,C1287483133708,Jeu plaquettes AV,A1F07FD,2.56,24.1,10.6,7.3,45.29,32,A
BRK-035690,C1283688072522,Jeu plaquettes AV,A1D05B09,2.63,18.0,17.3,6.0,59.05,55,C
FLT-007052,C1287959632001,Filtre à air moteur,A1D05B08,0.42,23.5,16.7,4.8,13.22,73,C
BRK-029992,C1286308910596,Jeu plaquettes AV,A1D05B07,3.5,22.3,16.7,5.1,34.19,33,C
FLT-034228,C1285836762542,Filtre à air moteur,A1D05B06,0.55,24.6,18.0,4.3,25.79,72,C
BRK-031605,C1288628965439,Jeu plaquettes AV,A1D05B05,1.52,21.7,12.2,7.2,41.28,75,C
BRK-036882,C1285555024403,Jeu plaquettes AV,A1D05B04,2.85,17.4,12.3,9.0,60.10,62,C
BRK-003411,C1284940934777,Jeu plaquettes AV,A1D05B03,2.36,21.4,12.9,7.0,54.31,43,C
BRK-040453,C1281189829440,Jeu plaquettes AV,A1F07FC,3.79,24.5,10.4,7.6,52.12,14,A
BRK-003031,C1289421940899,Jeu plaquettes AV,A1D05B02,2.47,17.7,14.8,7.4,70.51,13,C
BRK-014503,C1287212831158,Jeu plaquettes AV,A1F07FG,3.65,17.0,15.1,7.6,60.71,47,B
FLT-033743,C1281544596899,Filtre à air moteur,A1C02DD,0.44,22.1,18.8,4.7,27.01,96,B
BRK-009617,C1285476058761,Jeu plaquettes AV,A1D05B01,3.39,22.1,14.3,6.2,55.29,101,B
BRK-027082,C1285776266738,Jeu plaquettes AV,A1C02DC,2.46,23.5,15.2,5.5,45.29,35,A
BRK-030645,C1283093239346,Jeu plaquettes AV,A1B03DD,2.22,20.5,10.0,9.6,70.24,17,B
BRK-048679,C1287602483725,Jeu plaquettes AV,A1C02DG,2.7,22.5,17.2,5.1,46.35,115,B
BRK-025675,C1282781605087,Jeu plaquettes AV,A1B03DG,3.54,16.8,14.2,8.3,56.53,75,C
BRK-032719,C1282118550349,Jeu plaquettes AV,A1A08A02,1.54,20.6,10.8,8.9,35.07,74,C
BRK-000791,C1282206544499,Jeu plaquettes AV,A1D04CD,3.16,17.8,11.6,9.7,59.94,79,B
BRK-040876,C1285037184488,Jeu plaquettes AV,A1D04CC,3.07,24.4,11.9,6.9,53.10,119,A
BRK-045299,C1284859703259,Jeu plaquettes AV,A1D04CG,3.52,19.4,11.9,8.7,48.11,95,B
BRK-037121,C1289293202047,Jeu plaquettes AV,A1A08A01,2.85,24.0,13.5,6.2,37.89,8,C
BRK-010190,C1284866950020,Jeu plaquettes AV,A1D06DD,3.51,17.6,12.7,9.0,66.52,59,B
BRK-042109,C1286948868952,Jeu plaquettes AV,A1D06DC,1.76,18.3,13.6,8.1,58.68,75,B
BRK-049896,C1284395635816,Jeu plaquettes AV,A1D06DG,1.78,16.7,15.9,7.6,43.33,74,A
FLT-020472,C1289116487248,Filtre à air moteur,A1D03B10,0.58,21.0,18.3,5.3,18.31,33,B
BRK-028903,C1284345846691,Jeu plaquettes AV,A1D03B09,3.34,21.0,17.7,5.5,39.51,79,A
FLT-040500,C1284302975231,Filtre à air moteur,A1B02CD,0.3,28.1,14.6,5.0,13.70,96,B
BRK-030110,C1287489919054,Jeu plaquettes AV,A1B02CG,2.03,23.9,11.6,7.4,44.40,107,C
BRK-042699,C1283837355407,Jeu plaquettes AV,A1D03B08,2.99,15.1,16.8,8.1,59.03,62,A
BRK-029673,C1281187134735,Jeu plaquettes AV,A1B04CD,3.65,24.8,14.4,5.8,50.56,51,C
BRK-025898,C1289825072263,Jeu plaquettes AV,A1D03B07,2.18,15.6,17.5,7.6,51.81,87,A
BRK-048866,C1288040785210,Jeu plaquettes AV,A1B04CG,3.47,15.2,14.4,9.5,71.55,76,C
FLT-034378,C1286454381306,Filtre à air moteur,A1D03B06,0.25,24.0,17.7,4.9,14.11,73,A
BRK-011312,C1288796152422,Jeu plaquettes AV,A1D03B05,2.38,18.8,11.3,9.8,57.06,28,A
BRK-007894,C1281350701300,Jeu plaquettes AV,A1D03B04,3.4,22.9,17.5,5.2,52.22,96,B
FLT-008497,C1289212226632,Filtre à air moteur,A1F06ED,0.27,30.8,14.1,4.8,16.89,38,C
FLT-000655,C1284912294050,Filtre à air moteur,A1D03B03,0.36,20.5,16.7,6.1,21.72,49,A
BRK-037489,C1286656976115,Jeu plaquettes AV,A1D03B02,2.87,15.0,17.2,8.1,56.64,37,B
BRK-044618,C1281607993763,Jeu plaquettes AV,A1D03B01,1.56,22.0,10.5,9.1,33.39,27,B
BRK-036192,C1283770107326,Jeu plaquettes AV,A1F06EC,2.19,23.1,16.3,5.6,46.59,7,B
BRK-005094,C1281999778217,Jeu plaquettes AV,A1F06EG,1.94,15.5,14.7,9.4,56.90,68,B
BRK-027932,C1285542788483,Jeu plaquettes AV,A1F04DD,3.73,22.4,12.5,7.7,79.70,47,C
BRK-040362,C1287139831263,Jeu plaquettes AV,A1F04DC,2.52,21.2,14.2,7.2,70.65,60,C
BRK-044418,C1283992920682,Jeu plaquettes AV,A1F04DG,1.61,23.4,15.1,6.2,69.65,23,B
BRK-036956,C1284086312401,Jeu plaquettes AV,A1B01B10,2.19,23.2,15.0,6.3,58.79,34,B
BRK-047004,C1286394928055,Jeu plaquettes AV,A1B09A02,3.26,16.6,15.4,8.6,63.38,4,A
FLT-040249,C1287991631523,Filtre à air moteur,A1B09A01,0.45,27.2,18.8,4.3,15.30,7,B
FLT-026629,C1288860647625,Filtre à air moteur,A1F02DD,0.48,24.5,19.6,4.6,14.72,98,A
BRK-046697,C1281112824840,Jeu plaquettes AV,A1B01B09,1.94,20.6,14.3,7.5,62.52,16,B
FLT-006564,C1283255192692,Filtre à air moteur,A1B01B08,0.35,29.3,14.8,5.1,25.39,52,C
BRK-044518,C1286319110286,Jeu plaquettes AV,A1F02DC,1.57,20.8,15.9,6.7,57.40,107,A
BRK-011303,C1287379917150,Jeu plaquettes AV,A1F02DG,1.6,19.7,12.9,8.8,51.84,86,B
FLT-009724,C1286661273170,Filtre à air moteur,A1E04ED,0.59,21.1,15.9,6.7,16.67,29,B
BRK-024683,C1281737222290,Jeu plaquettes AV,A1B01B07,3.79,22.7,14.2,7.0,74.06,103,B
BRK-023254,C1281649460459,Jeu plaquettes AV,A1B01B06,3.62,18.0,14.1,8.9,41.32,41,C
FLT-049691,C1289938393130,Filtre à air moteur,A1E04EC,0.55,20.8,24.7,4.4,19.61,31,B
FLT-012359,C1288005418091,Filtre à air moteur,A1E04EG,0.5,23.8,23.2,4.1,24.93,14,B
BRK-034338,C1289273642585,Jeu plaquettes AV,A1B01B05,1.95,22.5,10.4,9.8,54.39,95,C
FLT-041722,C1289950786833,Filtre à air moteur,A1E06FD,0.33,25.2,16.6,5.5,23.92,116,A
BRK-033276,C1285700571286,Jeu plaquettes AV,A1E06FC,1.78,23.9,12.2,7.9,60.26,43,B
FLT-045804,C1288738884706,Filtre à air moteur,A1E06FG,0.5,25.5,20.6,4.4,16.94,58,B
BRK-037238,C1288601086813,Jeu plaquettes AV,A1B01B04,3.08,16.2,16.4,8.7,56.87,100,C
BRK-007924,C1286936566868,Jeu plaquettes AV,A1B08B10,1.98,18.7,15.7,7.9,75.61,17,A
BRK-018011,C1285151610173,Jeu plaquettes AV,A1B08B09,3.44,17.8,14.5,9.0,47.03,56,B
FLT-015690,C1282666325457,Filtre à air moteur,A1B08B08,0.56,26.9,14.2,6.1,11.50,7,A
BRK-039932,C1284049133792,Jeu plaquettes AV,A1B01B03,2.48,22.0,16.8,6.4,55.36,48,C
BRK-006979,C1282681911570,Jeu plaquettes AV,A1B01B02,1.53,24.3,12.1,8.1,65.02,70,C
BRK-045793,C1287098868908,Jeu plaquettes AV,A1B08B07,1.93,15.9,16.6,9.1,61.53,63,A
FLT-044779,C1282799060308,Filtre à air moteur,A1B08B06,0.51,28.2,14.3,6.0,16.58,54,B
FLT-024532,C1282359763881,Filtre à air moteur,A1B08B05,0.32,32.4,17.0,4.4,17.23,18,B
BRK-006205,C1282011360022,Jeu plaquettes AV,A1B08B04,3.62,23.3,17.5,6.0,36.81,86,B
BRK-019911,C1289606710587,Jeu plaquettes AV,A1B08B03,1.98,24.8,12.9,7.7,37.65,9,A
BRK-001052,C1282951088801,Jeu plaquettes AV,A1B01B01,1.83,24.2,12.9,7.9,36.70,95,B
FLT-042228,C1288969937040,Filtre à air moteur,A1B08B02,0.37,27.9,14.6,6.1,26.86,37,B
BRK-022497,C1284988136254,Jeu plaquettes AV,A1B08B01,2.22,21.7,15.3,7.5,48.76,101,B
FLT-029423,C1285435970690,Filtre à air moteur,A1B05B10,0.52,22.1,21.0,5.4,28.20,114,C
FLT-044785,C1285127620626,Filtre à air moteur,A1C01CD,0.3,24.2,16.7,6.3,25.07,35,A
FLT-015992,C1286134089033,Filtre à air moteur,A1C01CC,0.32,28.4,14.7,6.1,11.91,56,B
FLT-047423,C1289068891292,Filtre à air moteur,A1B05B09,0.52,26.2,15.2,6.4,18.78,19,C
FLT-043239,C1287226887579,Filtre à air moteur,A1C01CG,0.24,26.7,18.4,5.2,18.98,104,A
BRK-002505,C1287053920464,Jeu plaquettes AV,A1B05B08,1.95,24.9,16.3,6.3,67.89,35,C
FLT-008348,C1289865357132,Filtre à air moteur,A1B05B07,0.41,23.0,18.3,6.1,13.91,43,C
FLT-019590,C1289627837503,Filtre à air moteur,A1B05B06,0.54,34.0,18.0,4.2,13.29,9,C
FLT-009287,C1288755244796,Filtre à air moteur,A1B05B05,0.4,21.0,23.6,5.2,24.86,89,C
FLT-023734,C1281907819764,Filtre à air moteur,A1C05CD,0.54,29.4,21.4,4.1,10.06,9,B
BRK-008576,C1288154267575,Jeu plaquettes AV,A1C05CC,1.97,22.2,15.1,7.7,30.64,34,A
BRK-028168,C1284861274644,Jeu plaquettes AV,A1B05B04,2.78,17.5,17.8,8.3,31.92,36,C
FLT-030710,C1281849883016,Filtre à air moteur,A1B05B03,0.23,21.3,17.6,7.0,14.84,17,B
BRK-046357,C1288602637702,Jeu plaquettes AV,A1B05B02,2.27,17.1,15.6,9.9,62.14,74,C
FLT-025538,C1288086600586,Filtre à air moteur,A1B05B01,0.41,32.7,17.6,4.6,20.69,107,C
BRK-017720,C1285385112912,Jeu plaquettes AV,A1C05CG,2.52,16.7,17.1,9.3,59.15,108,B
FLT-019186,C1284127704225,Filtre à air moteur,A1E07B10,0.55,23.2,18.8,6.1,12.63,37,B
FLT-047651,C1281845608396,Filtre à air moteur,A1D07CD,0.4,22.1,17.0,7.1,23.77,42,A
BRK-016074,C1289886417655,Jeu plaquettes AV,A1D07CC,2.61,16.5,16.4,9.9,46.39,104,A
FLT-016091,C1284237561819,Filtre à air moteur,A1E07B09,0.54,24.5,19.3,5.7,15.04,65,C
BRK-009571,C1285596425010,Jeu plaquettes AV,A1E07B08,1.64,23.1,16.7,7.2,38.09,93,B
FLT-010264,C1289785865092,Filtre à air moteur,A1D07CG,0.55,33.9,18.3,4.5,14.08,74,A
BRK-013376,C1286945290879,Jeu plaquettes AV,A1E07B07,3.69,21.1,14.6,9.1,37.30,33,C
FLT-042076,C1287073454651,Filtre à air moteur,A1B07CD,0.25,32.2,21.8,4.0,15.42,5,A
FLT-028528,C1287324692573,Filtre à air moteur,A1B07CG,0.24,25.8,19.1,5.7,26.29,89,A
FLT-007593,C1285442001932,Filtre à air moteur,A1F01CD,0.29,34.0,14.6,5.7,13.50,5,A
FLT-024430,C1284304362231,Filtre à air moteur,A1E07B06,0.37,28.4,14.3,7.0,25.44,59,C
FLT-017708,C1288040709862,Filtre à air moteur,A1F01CC,0.55,23.7,19.7,6.1,20.42,50,A
FLT-041451,C1284787329285,Filtre à air moteur,A1F01CG,0.51,31.6,15.9,5.7,16.45,73,A
FLT-041523,C1281557595863,Filtre à air moteur,A1E03DD,0.26,31.2,16.8,5.5,18.11,0,B
FLT-033939,C1287830283972,Filtre à air moteur,A1E07B05,0.25,31.5,18.1,5.1,27.35,68,C
FLT-007313,C1281150092791,Filtre à air moteur,A1E03DC,0.59,22.1,17.8,7.4,20.15,107,B
BRK-005234,C1286340341630,Jeu plaquettes AV,A1E03DG,3.62,23.3,17.4,7.2,66.75,101,A
FLT-035720,C1283550516965,Filtre à air moteur,A1E07ED,0.44,28.4,16.1,6.4,9.21,71,A
FLT-026272,C1284204462565,Filtre à air moteur,A1E07EC,0.43,33.7,16.1,5.4,18.44,65,B
BRK-047335,C1288612349676,Jeu plaquettes AV,A1E07EG,1.92,22.6,14.1,9.2,63.02,70,B
BRK-042241,C1283880446544,Jeu plaquettes AV,A1B06DD,2.35,24.7,12.8,9.3,41.65,89,A
FLT-004312,C1288467667126,Filtre à air moteur,A1B06DG,0.46,28.1,18.6,5.7,17.89,63,A
FLT-021471,C1285316782979,Filtre à air moteur,A1E07B04,0.32,23.1,20.2,6.4,19.23,0,C
BRK-043894,C1288859794409,Jeu plaquettes AV,A1E07B03,2.23,24.6,17.6,6.9,76.48,88,C
BRK-048985,C1283554191308,Jeu plaquettes AV,A1C03DD,2.59,23.1,16.2,8.0,61.03,59,B
FLT-019930,C1288666397225,Filtre à air moteur,A1C03DC,0.23,28.8,22.6,4.6,15.52,96,A
FLT-046600,C1281528868765,Filtre à air moteur,A1E07B02,0.49,26.0,18.3,6.3,17.63,8,C
FLT-042719,C1289362966983,Filtre à air moteur,A1E07B01,0.5,24.2,15.7,7.9,14.82,17,C
FLT-006227,C1283931542645,Filtre à air moteur,A1C03DG,0.44,22.2,17.8,7.6,14.41,63,B
BRK-037491,C1285842568165,Jeu plaquettes AV,A1C03A02,2.72,23.6,17.4,7.4,55.44,39,C
FLT-044878,C1287622226570,Filtre à air moteur,A1C03A01,0.26,22.2,17.8,7.7,25.12,113,C
ROT-008695,C1289393400337,Disque de frein ventilé,A1B06A02,11.82,26.2,26.5,4.4,86.14,116,C
BRK-035017,C1283464387426,Jeu plaquettes AV,A1A10B10,3.62,19.2,17.5,9.1,64.95,84,B
FLT-029662,C1289744592717,Filtre à air moteur,A1B06A01,0.25,20.1,24.3,6.3,20.97,8,C
FLT-039764,C1287452855504,Filtre à air moteur,A1A10B09,0.23,27.9,23.5,4.7,26.14,2,B
FLT-024829,C1284107053534,Filtre à air moteur,A1A10B08,0.34,23.9,16.8,7.8,24.02,118,A
FLT-000091,C1287187093763,Filtre à air moteur,A1E03A02,0.43,20.4,20.6,7.5,8.60,7,C
FLT-006121,C1285474402072,Filtre à air moteur,A1E03A01,0.25,31.6,14.9,6.7,25.34,11,C
ROT-003581,C1286571010937,Disque de frein ventilé,A1A10B07,9.29,30.0,26.4,4.0,138.53,53,B
FLT-029314,C1286221750026,Filtre à air moteur,A1F05ED,0.55,32.0,16.5,6.0,14.11,94,C
FLT-011683,C1289255820586,Filtre à air moteur,A1F05EC,0.59,29.3,15.6,7.0,26.01,39,B
FLT-049798,C1281803828283,Filtre à air moteur,A1A10B06,0.27,37.8,14.3,6.0,23.37,79,B
BRK-022876,C1285523307844,Jeu plaquettes AV,A1F05EG,1.72,19.6,17.7,9.4,76.34,16,B
BRK-032885,C1284122934096,Jeu plaquettes AV,A1E06CD,1.86,23.2,16.1,8.9,37.29,45,B
BRK-003736,C1286830730599,Jeu plaquettes AV,A1E06CC,2.07,24.5,16.2,8.4,57.47,88,B
FLT-046356,C1288638023166,Filtre à air moteur,A1E06CG,0.51,28.0,21.4,5.6,22.51,97,C
FLT-029827,C1288311343521,Filtre à air moteur,A1A10B05,0.31,25.3,21.9,6.1,16.76,51,A
FLT-017218,C1288386315584,Filtre à air moteur,A1E04B10,0.35,27.8,16.9,7.2,14.46,92,C
FLT-002619,C1281010604943,Filtre à air moteur,A1E04B09,0.47,32.7,17.4,6.0,12.86,23,C
ROT-015561,C1284253664547,Disque de frein ventilé,A1A10B04,9.46,28.7,26.5,4.5,74.14,26,B
ROT-008394,C1289438579318,Disque de frein ventilé,A1A10B03,10.81,27.6,30.5,4.1,112.24,74,A
ROT-017022,C1284129169879,Disque de frein ventilé,A1A10B02,10.66,28.6,28.8,4.2,100.60,60,B
FLT-045880,C1289643235436,Filtre à air moteur,A1E04B08,0.5,27.3,17.0,7.5,21.78,117,B
FLT-010424,C1286422900399,Filtre à air moteur,A1A10B01,0.36,32.3,15.9,6.8,22.76,41,B
FLT-001618,C1281565849705,Filtre à air moteur,A1D02CD,0.32,37.3,22.3,4.2,20.40,38,A
FLT-031402,C1283505725993,Filtre à air moteur,A1E04B07,0.54,31.6,21.7,5.1,18.39,116,C
FLT-006406,C1287298512214,Filtre à air moteur,A1D02CC,0.3,31.6,19.5,5.7,21.13,6,B
FLT-010048,C1281114232102,Filtre à air moteur,A1E04B06,0.54,33.9,14.9,7.1,22.41,91,C
ROT-048112,C1287255243901,Disque de frein ventilé,A1D02CG,8.4,33.6,26.1,4.1,67.54,65,A
FLT-027373,C1286034238484,Filtre à air moteur,A1A09CD,0.29,24.6,19.3,7.6,22.46,103,B
ROT-015638,C1286734878062,Disque de frein ventilé,A1A09CG,12.61,29.0,26.5,4.7,82.38,117,B
FLT-045007,C1288041462920,Filtre à air moteur,A1C06CD,0.23,27.9,16.5,7.9,14.29,74,A
FLT-019109,C1281135620478,Filtre à air moteur,A1C06CC,0.23,36.8,21.2,4.7,12.90,15,A
FLT-014055,C1284223044399,Filtre à air moteur,A1C06CG,0.56,28.3,23.6,5.5,20.50,42,A
FLT-015869,C1282740718841,Filtre à air moteur,A1E04B05,0.48,33.8,24.8,4.4,24.58,113,C
FLT-049448,C1282539826886,Filtre à air moteur,A1E02CD,0.44,35.9,21.9,4.7,12.97,89,A
FLT-046247,C1287015208976,Filtre à air moteur,A1E04B04,0.25,32.4,23.4,4.9,9.38,46,C
FLT-031461,C1286210560646,Filtre à air moteur,A1E02CC,0.45,34.6,17.4,6.2,21.44,44,B
ROT-023231,C1287363172591,Disque de frein ventilé,A1E04B03,12.97,33.7,26.4,4.2,106.09,29,C
FLT-002878,C1284810809193,Filtre à air moteur,A1E04B02,0.27,31.3,24.5,4.9,15.37,43,C
FLT-007433,C1285095194148,Filtre à air moteur,A1E04B01,0.28,33.9,15.4,7.2,14.14,19,C
FLT-027882,C1284727421998,Filtre à air moteur,A1E02CG,0.24,27.3,24.6,5.6,21.25,107,B
FLT-003665,C1282954613199,Filtre à air moteur,A1A08DD,0.22,31.9,24.1,4.9,21.38,61,A
FLT-023666,C1287953382230,Filtre à air moteur,A1A08DG,0.34,28.4,21.1,6.3,14.11,72,B
FLT-032848,C1283822965518,Filtre à air moteur,A1D05ED,0.26,35.2,17.2,6.3,11.51,50,A
ROT-049962,C1281134050131,Disque de frein ventilé,A1A02DD,6.43,27.3,26.4,5.3,63.85,102,B
FLT-004527,C1287523140343,Filtre à air moteur,A1D05EC,0.59,24.8,20.3,7.6,14.13,85,A
FLT-022405,C1281678914931,Filtre à air moteur,A1D05EG,0.47,21.8,24.6,7.2,16.78,79,B
FLT-017690,C1289347070478,Filtre à air moteur,A1C04CD,0.23,31.1,16.0,7.8,16.48,101,A
ROT-047623,C1286735185892,Disque de frein ventilé,A1A02DG,10.87,31.1,29.8,4.2,132.11,109,B
BRK-001937,C1288396892394,Jeu plaquettes AV,A1C04CC,2.6,24.9,15.8,9.9,61.35,116,A
ROT-001683,C1288685965005,Disque de frein ventilé,A1C04CG,8.64,31.6,28.7,4.3,125.77,38,A
ROT-002797,C1288216921733,Disque de frein ventilé,A1A04DD,13.17,28.2,30.1,4.6,97.67,114,B
FLT-035853,C1284306822716,Filtre à air moteur,A1F03FD,0.51,36.3,22.9,4.7,10.88,27,A
FLT-020645,C1287954706330,Filtre à air moteur,A1A04DG,0.5,37.4,20.5,5.1,17.18,12,C
FLT-040053,C1282592689255,Filtre à air moteur,A1F03FC,0.23,20.3,24.7,7.8,11.73,35,B
ROT-041668,C1288832382332,Disque de frein ventilé,A1F03FG,13.42,30.2,27.7,4.7,98.76,40,B
FLT-026606,C1287631644894,Filtre à air moteur,A1D01B10,0.23,33.8,16.0,7.3,10.26,111,A
FLT-032536,C1281074428576,Filtre à air moteur,A1F02A02,0.34,36.2,17.1,6.4,18.42,8,C
ROT-036267,C1283145100936,Disque de frein ventilé,A1F02A01,7.71,30.0,31.6,4.2,74.27,111,B
FLT-013851,C1284559580693,Filtre à air moteur,A1A01CD,0.45,30.4,22.3,5.9,17.53,109,C
FLT-008154,C1281041077931,Filtre à air moteur,A1A01CG,0.5,27.1,20.0,7.4,17.46,42,C
FLT-010982,C1288758917263,Filtre à air moteur,A1D01B09,0.58,27.9,24.4,5.9,15.72,6,A
FLT-039148,C1281889337001,Filtre à air moteur,A1D01B08,0.23,26.1,21.4,7.2,25.61,3,A
ROT-001967,C1281666968828,Disque de frein ventilé,A1D01B07,6.7,28.4,28.4,5.0,56.72,0,A
ROT-021860,C1284866947375,Disque de frein ventilé,A1A05CD,13.03,31.3,30.8,4.2,140.84,26,C
FLT-023197,C1281455114289,Filtre à air moteur,A1A05CG,0.31,34.8,15.8,7.4,10.80,79,C
FLT-023456,C1285623225975,Filtre à air moteur,A1D01B06,0.48,36.5,22.3,5.0,9.51,120,A
FLT-005484,C1288740923101,Filtre à air moteur,A1D01B05,0.5,30.2,18.8,7.2,24.07,102,A
ROT-021646,C1281427914686,Disque de frein ventilé,A1D01B04,8.28,27.3,31.3,4.8,88.24,79,A
FLT-040123,C1285656038816,Filtre à air moteur,A1D01B03,0.33,35.5,21.2,5.5,8.59,25,A
FLT-015733,C1289474971254,Filtre à air moteur,A1D01B02,0.49,31.3,18.7,7.1,23.25,46,A
FLT-043363,C1281044218352,Filtre à air moteur,A1D06A02,0.26,37.2,20.7,5.4,23.50,103,B
ROT-038242,C1283783228641,Disque de frein ventilé,A1D06A01,11.28,27.0,35.2,4.4,98.02,51,C
ROT-003205,C1288626275956,Disque de frein ventilé,A1C02A02,10.41,32.3,28.8,4.5,72.11,20,C
FLT-016502,C1286344990255,Filtre à air moteur,A1C02A01,0.58,33.1,18.4,6.9,23.88,34,B
ROT-011235,C1284422808800,Disque de frein ventilé,A1D01B01,13.2,31.3,32.0,4.2,99.74,51,A
ROT-044067,C1281451355281,Disque de frein ventilé,A1A06B10,10.9,31.6,29.6,4.5,137.39,75,C
ROT-034002,C1281398346750,Disque de frein ventilé,A1C07B10,10.38,35.0,26.3,4.6,122.75,5,A
ROT-002467,C1289052810458,Disque de frein ventilé,A1C07B09,10.85,26.8,28.8,5.5,122.65,12,A
ROT-004316,C1283532678720,Disque de frein ventilé,A1A06B09,10.05,26.9,26.8,5.9,110.95,34,B
ROT-000999,C1286346226798,Disque de frein ventilé,A1A06B08,6.14,27.0,30.3,5.2,115.72,66,B
FLT-018648,C1282130768014,Filtre à air moteur,A1C07B08,0.39,35.8,22.5,5.3,9.46,27,A
FLT-008217,C1281455305342,Filtre à air moteur,A1C07B07,0.28,30.1,21.2,6.7,25.53,42,A
FLT-013368,C1288231979201,Filtre à air moteur,A1A06B07,0.25,33.8,17.9,7.1,17.33,54,C
ROT-007353,C1282120641945,Disque de frein ventilé,A1A06B06,8.9,35.3,28.3,4.3,95.56,35,C
FLT-028324,C1281234842162,Filtre à air moteur,A1A06B05,0.25,36.9,18.1,6.5,12.93,5,B
ROT-044210,C1289893877228,Disque de frein ventilé,A1A06B04,9.53,27.8,29.5,5.3,120.82,43,B
FLT-012340,C1288785631541,Filtre à air moteur,A1A06B03,0.51,27.0,24.9,6.5,16.13,1,B
ROT-018075,C1284229948847,Disque de frein ventilé,A1C07B06,8.57,34.6,28.2,4.5,77.84,14,A
FLT-029117,C1286658524642,Filtre à air moteur,A1A06B02,0.58,29.2,23.7,6.4,20.17,57,B
ROT-007689,C1283983677818,Disque de frein ventilé,A1A06B01,7.22,29.4,29.0,5.2,129.61,70,C
FLT-048980,C1288538560021,Filtre à air moteur,A1C07B05,0.48,29.9,20.9,7.1,9.37,86,A
ROT-006864,C1284921544530,Disque de frein ventilé,A1F07CD,11.31,28.4,26.1,6.0,72.52,5,B
FLT-008831,C1288833895037,Filtre à air moteur,A1F07CC,0.56,31.4,18.3,7.8,13.69,101,B
ROT-027444,C1289385803143,Disque de frein ventilé,A1F07CG,6.07,28.4,28.9,5.5,82.63,56,C
FLT-010535,C1287624367632,Filtre à air moteur,A1E05CD,0.24,34.9,21.9,6.0,10.79,63,C
ROT-037768,C1289481775542,Disque de frein ventilé,A1C07B04,10.43,26.4,34.1,5.1,109.82,24,A
FLT-002006,C1284674312565,Filtre à air moteur,A1C07B03,0.45,31.8,19.0,7.6,17.84,38,A
ROT-002733,C1284512542848,Disque de frein ventilé,A1E05CC,9.24,27.5,28.7,5.9,137.88,109,B
FLT-049419,C1281161140328,Filtre à air moteur,A1C07B02,0.32,31.8,24.5,6.0,13.53,95,B
ROT-023334,C1282527615463,Disque de frein ventilé,A1C07B01,10.37,33.1,31.4,4.5,85.99,77,A
FLT-040854,C1288321344037,Filtre à air moteur,A1E05CG,0.51,28.7,23.0,7.1,18.95,64,C
ROT-006455,C1287614559793,Disque de frein ventilé,A1F03B10,9.91,29.7,28.2,5.6,111.99,105,C
ROT-003415,C1282251432187,Disque de frein ventilé,A1E01B10,6.86,26.5,31.7,5.6,67.37,99,A
ROT-001664,C1282231216935,Disque de frein ventilé,A1F03B09,13.52,30.1,29.5,5.3,112.07,57,C
ROT-002234,C1283463082183,Disque de frein ventilé,A1E01B09,7.24,29.0,30.1,5.4,124.94,73,A
ROT-033989,C1284428847848,Disque de frein ventilé,A1E01B08,10.55,27.4,34.8,5.0,81.76,107,A
ROT-015337,C1287852894943,Disque de frein ventilé,A1E01B07,13.18,33.2,28.8,5.0,108.57,82,B
FLT-001233,C1288636631883,Filtre à air moteur,A1E01B06,0.59,31.7,22.0,6.9,19.12,106,A
ROT-046136,C1286552781606,Disque de frein ventilé,A1E01B05,6.08,30.9,34.7,4.5,98.37,29,B
ROT-039041,C1283910196632,Disque de frein ventilé,A1F03B08,13.47,29.9,29.5,5.5,69.07,38,C
ROT-043955,C1285650878348,Disque de frein ventilé,A1E01B04,6.48,31.5,35.9,4.3,125.09,9,A
ROT-005056,C1283026628234,Disque de frein ventilé,A1E01B03,9.84,32.4,29.1,5.2,104.72,51,A
ROT-032277,C1283358951635,Disque de frein ventilé,A1E01B02,9.65,30.7,28.6,5.6,77.44,4,A
ROT-009224,C1289020532991,Disque de frein ventilé,A1F03B07,10.22,27.7,33.9,5.3,132.74,73,B
ROT-044317,C1282453418577,Disque de frein ventilé,A1F03B06,11.25,33.4,28.2,5.3,124.74,1,B
ROT-014558,C1282476370820,Disque de frein ventilé,A1E01B01,7.98,30.1,28.6,5.8,131.86,54,A
FLT-009905,C1289091758200,Filtre à air moteur,A1C02ED,0.42,37.9,18.3,7.2,12.07,116,A
ROT-004365,C1286439495990,Disque de frein ventilé,A1F03B05,11.95,28.9,29.9,5.8,87.37,98,C
ROT-009688,C1285599567947,Disque de frein ventilé,A1C02EC,8.38,34.3,34.9,4.2,63.00,76,A
ROT-010161,C1289153403285,Disque de frein ventilé,A1F03B04,12.39,32.3,31.8,4.9,95.92,51,C
ROT-005461,C1288898903739,Disque de frein ventilé,A1C02EG,8.23,33.7,34.1,4.4,110.84,49,B
ROT-016048,C1286217267561,Disque de frein ventilé,A1B10A02,6.4,28.5,34.3,5.2,111.18,34,A
ROT-032902,C1287507616817,Disque de frein ventilé,A1F03B03,9.01,26.1,34.2,5.7,115.90,9,B
ROT-034722,C1282776188760,Disque de frein ventilé,A1B10A01,7.77,32.0,29.0,5.5,116.06,62,A
FLT-040963,C1285649130955,Filtre à air moteur,A1D04DD,0.29,30.2,23.0,7.4,16.00,28,B
ROT-027874,C1286057861250,Disque de frein ventilé,A1F03B02,13.07,35.0,33.4,4.4,139.80,67,C
ROT-009641,C1281412811085,Disque de frein ventilé,A1F03B01,8.05,31.7,26.6,6.1,68.98,87,B
ROT-040964,C1283435128068,Disque de frein ventilé,A1A07A02,10.08,34.1,27.5,5.5,134.89,95,C
ROT-042210,C1283906872779,Disque de frein ventilé,A1A07A01,10.22,27.2,30.2,6.3,115.25,21,B
FLT-037888,C1289959859349,Filtre à air moteur,A1D04DC,0.25,33.7,24.4,6.3,24.37,88,B
FLT-026010,C1289066810608,Filtre à air moteur,A1B03CD,0.48,36.3,19.9,7.2,22.54,105,C
FLT-007834,C1284069759298,Filtre à air moteur,A1B03CG,0.34,37.6,18.8,7.4,23.10,100,B
FLT-045213,C1285247806832,Filtre à air moteur,A1D05A02,0.51,36.3,19.3,7.5,16.89,4,B
ROT-037068,C1288716176089,Disque de frein ventilé,A1D05A01,6.81,26.5,30.2,6.6,69.58,7,B
FLT-029142,C1287314667962,Filtre à air moteur,A1D04DG,0.41,37.6,18.8,7.5,25.62,103,A
FLT-049740,C1286327611427,Filtre à air moteur,A1B02B10,0.38,33.4,20.9,7.6,21.14,118,B
ROT-038719,C1286096140489,Disque de frein ventilé,A1B02B09,10.98,26.7,29.8,6.7,112.72,99,B
ROT-037634,C1283035412088,Disque de frein ventilé,A1D06ED,7.5,35.2,31.1,4.9,67.33,61,A
ROT-027547,C1286065159203,Disque de frein ventilé,A1B02B08,8.95,34.0,26.3,6.0,105.86,87,C
ROT-016042,C1288643324379,Disque de frein ventilé,A1D06EC,8.98,28.4,28.3,6.8,90.02,58,A
ROT-022294,C1288103360002,Disque de frein ventilé,A1B02B07,6.29,31.1,29.8,5.9,110.08,5,B
ROT-039482,C1281637897504,Disque de frein ventilé,A1B02B06,8.79,27.5,31.7,6.3,130.08,65,C
ROT-014715,C1288529436002,Disque de frein ventilé,A1B02B05,8.44,31.2,31.2,5.7,91.78,33,C
ROT-043334,C1289277049374,Disque de frein ventilé,A1B02B04,6.93,28.1,29.7,6.7,91.97,61,C
FLT-011132,C1285489091232,Filtre à air moteur,A1B02B03,0.44,36.1,19.4,8.0,26.96,40,C
ROT-025009,C1289528078342,Disque de frein ventilé,A1B02B02,9.48,31.8,28.7,6.2,108.94,95,B
ROT-022550,C1284774454818,Disque de frein ventilé,A1B02B01,6.15,28.3,33.9,5.9,122.99,54,C
ROT-018669,C1281358974890,Disque de frein ventilé,A1B04B10,11.16,33.2,32.2,5.3,86.16,112,C
ROT-045812,C1284123831421,Disque de frein ventilé,A1B04B09,8.24,26.5,33.0,6.5,59.09,81,B
ROT-042518,C1283201327582,Disque de frein ventilé,A1B04B08,10.36,30.6,29.6,6.3,129.50,78,B
FLT-040827,C1281199992481,Filtre à air moteur,A1B04B07,0.54,35.4,22.1,7.3,22.24,11,B
ROT-005538,C1285183492824,Disque de frein ventilé,A1B04B06,6.93,27.9,31.9,6.5,108.27,61,C
ROT-026774,C1286469996615,Disque de frein ventilé,A1D06EG,10.83,26.2,33.6,6.6,100.25,110,B
ROT-015403,C1281539321152,Disque de frein ventilé,A1B04B05,12.21,29.5,32.3,6.1,74.40,18,C
ROT-034290,C1283950476150,Disque de frein ventilé,A1B04B04,8.24,34.4,29.7,5.7,136.64,37,C
ROT-000199,C1287869971192,Disque de frein ventilé,A1B04B03,13.53,36.0,31.2,5.2,136.59,34,C
ROT-018008,C1286815313585,Disque de frein ventilé,A1D03CD,10.62,33.3,33.1,5.3,70.13,34,B
FLT-001928,C1281672767922,Filtre à air moteur,A1D03CC,0.58,37.2,20.2,7.8,24.61,7,A
ROT-048335,C1284358200618,Disque de frein ventilé,A1D03CG,8.0,34.6,26.9,6.3,116.06,45,B
FLT-030983,C1287418436339,Filtre à air moteur,A1F02ED,0.55,34.2,24.5,7.0,26.99,67,A
FLT-029977,C1282574064542,Filtre à air moteur,A1F02EC,0.21,37.7,20.5,7.6,23.77,38,B
ROT-037168,C1285325159292,Disque de frein ventilé,A1F02EG,9.27,30.4,35.8,5.4,78.77,89,B
ROT-024393,C1289683829348,Disque de frein ventilé,A1B04B02,10.65,35.1,28.0,6.0,123.75,71,C
ROT-011419,C1289827631767,Disque de frein ventilé,A1B04B01,6.75,34.4,30.1,5.7,87.88,36,C
ROT-031547,C1284480400832,Disque de frein ventilé,A1E04FD,13.7,29.1,34.7,5.9,130.70,89,B
ROT-049290,C1287439274441,Disque de frein ventilé,A1F06DD,11.16,27.4,32.0,6.8,88.47,64,C
ROT-000534,C1285116605414,Disque de frein ventilé,A1E04FC,12.98,35.0,34.9,4.9,142.86,114,A
ROT-027668,C1284121967556,Disque de frein ventilé,A1E04FG,8.12,34.5,26.4,6.6,95.86,115,A
ROT-018188,C1289967020598,Disque de frein ventilé,A1F06DC,10.91,33.6,27.7,6.5,90.29,43,B
FLT-044436,C1285486637675,Filtre à air moteur,A1F06DG,0.22,37.8,23.9,6.7,24.66,101,B
ROT-019366,C1283786897930,Disque de frein ventilé,A1F04CD,13.25,35.6,32.7,5.2,109.58,73,C
ROT-021065,C1283797581029,Disque de frein ventilé,A1B09B10,12.63,35.1,27.0,6.4,101.38,62,A
ROT-037875,C1288515087242,Disque de frein ventilé,A1F04CC,12.62,33.8,32.1,5.6,122.19,27,C
ROT-014289,C1288937054432,Disque de frein ventilé,A1F04CG,12.73,32.0,31.8,6.0,84.36,32,B
ROT-037340,C1285172354267,Disque de frein ventilé,A1B01A02,13.92,31.4,35.4,5.5,125.09,78,B
ROT-033992,C1284214853280,Disque de frein ventilé,A1B01A01,10.22,31.3,35.0,5.6,138.47,60,B
ROT-027710,C1286807063236,Disque de frein ventilé,A1B05A02,12.72,28.8,30.5,7.0,115.98,3,B
ROT-011793,C1282696101438,Disque de frein ventilé,A1B05A01,9.08,33.8,35.7,5.1,66.66,95,C
ROT-013728,C1281953460242,Disque de frein ventilé,A1E07A02,11.41,28.8,34.6,6.2,115.97,104,B
ROT-047912,C1285312187452,Disque de frein ventilé,A1B09B09,8.69,34.9,35.7,5.0,133.66,52,A
ROT-004395,C1289560787921,Disque de frein ventilé,A1B09B08,9.44,32.9,28.3,6.7,75.43,104,A
ROT-021710,C1288056214078,Disque de frein ventilé,A1B09B07,11.71,30.8,30.0,6.9,88.75,24,A
ROT-001359,C1286959154670,Disque de frein ventilé,A1B09B06,9.69,30.7,35.9,5.8,124.54,87,A
ROT-007220,C1286196166052,Disque de frein ventilé,A1E07A01,6.39,32.5,32.4,6.1,80.18,35,C
FLT-049395,C1284539097989,Filtre à air moteur,A1F05DD,0.25,33.1,24.6,7.9,13.68,2,C
ROT-019421,C1284960941960,Disque de frein ventilé,A1F05DC,8.27,31.7,34.5,5.9,71.04,108,C
FLT-004570,C1284853486210,Filtre à air moteur,A1F05DG,0.54,37.4,24.5,7.1,22.70,2,C
ROT-001288,C1281531070226,Disque de frein ventilé,A1B09B05,11.48,33.2,29.9,6.6,141.01,39,B
ROT-024947,C1286529537880,Disque de frein ventilé,A1E06B10,10.05,36.0,33.1,5.5,93.57,85,B
ROT-019283,C1284758466527,Disque de frein ventilé,A1E06B09,13.99,34.1,27.9,6.9,78.29,37,C
ROT-029962,C1289943822704,Disque de frein ventilé,A1E06B08,12.57,31.7,32.0,6.5,125.84,2,B
ROT-031088,C1286962085698,Disque de frein ventilé,A1E06B07,9.6,30.3,35.2,6.2,119.61,36,B
ROT-006863,C1286679718413,Disque de frein ventilé,A1E06B06,6.08,32.7,34.5,6.0,76.37,60,C
ROT-030364,C1284647952291,Disque de frein ventilé,A1B09B04,8.28,35.0,31.3,6.2,117.55,22,A
ROT-039102,C1283434154824,Disque de frein ventilé,A1B09B03,8.82,35.3,34.7,5.6,57.51,52,B
ALT-048338,C1285656104666,Alternateur 12V 140A,A1E06B05,7.24,20.2,18.4,18.5,301.98,24,C
ROT-035802,C1284703387437,Disque de frein ventilé,A1E06B04,8.85,35.8,34.4,5.6,130.75,117,B
ROT-029203,C1284970005315,Disque de frein ventilé,A1B09B02,7.0,31.5,31.7,7.0,65.87,119,B
ROT-015815,C1285725812577,Disque de frein ventilé,A1E06B03,11.31,32.0,34.2,6.4,75.85,62,B
ROT-030270,C1285850105696,Disque de frein ventilé,A1B09B01,8.66,35.8,32.8,6.1,86.09,116,A
ROT-012099,C1283456274666,Disque de frein ventilé,A1B08CD,12.9,35.2,30.0,6.9,136.94,44,A
ROT-010132,C1285524801678,Disque de frein ventilé,A1E06B02,6.33,31.8,33.0,7.0,78.50,92,C
ROT-038207,C1286516591330,Disque de frein ventilé,A1E06B01,13.11,34.3,33.6,6.4,63.98,109,C
ROT-003519,C1284096887671,Disque de frein ventilé,A1A03DD,7.28,35.4,32.4,6.7,118.16,109,C
ALT-033796,C1282913993537,Alternateur 12V 140A,A1A03DG,6.69,20.5,20.3,19.0,192.82,0,B
ROT-044526,C1285130997802,Disque de frein ventilé,A1B08CG,7.73,34.7,33.6,6.9,130.86,68,A
ALT-011901,C1285678984973,Alternateur 12V 140A,A1C01DD,8.49,23.7,18.5,18.8,301.91,70,A
ALT-048108,C1284080872211,Alternateur 12V 140A,A1C01DC,6.02,20.8,19.8,20.6,155.21,81,B
ALT-001778,C1285524290020,Alternateur 12V 140A,A1A02CD,6.31,23.1,18.0,20.5,167.58,89,C
ALT-049926,C1289940411689,Alternateur 12V 140A,A1A02CG,7.87,20.8,19.5,21.1,211.44,19,B
ALT-038966,C1281525555224,Alternateur 12V 140A,A1C01DG,6.88,20.6,20.8,20.0,305.32,29,A
ALT-046656,C1283117796784,Alternateur 12V 140A,A1A04CD,6.09,21.0,23.1,18.2,256.46,27,C
ALT-041725,C1288906767106,Alternateur 12V 140A,A1A04CG,8.78,24.3,19.8,18.4,184.13,101,B
ALT-007205,C1282775717368,Alternateur 12V 140A,A1C05DD,5.56,20.1,18.6,24.2,172.98,3,B
ALT-010794,C1281121605539,Alternateur 12V 140A,A1C05DC,7.37,22.2,20.2,20.3,253.26,82,A
ALT-046775,C1288569566852,Alternateur 12V 140A,A1E04A02,6.69,20.0,18.9,24.1,200.09,87,B
ALT-042556,C1288796495462,Alternateur 12V 140A,A1E04A01,7.89,20.5,20.2,22.0,296.18,100,C
ALT-048243,C1288556205645,Alternateur 12V 140A,A1A01B10,8.93,20.7,22.1,20.0,254.07,99,B
ALT-015059,C1288717435212,Alternateur 12V 140A,A1A01B09,7.5,22.5,18.9,22.0,273.45,61,C
ALT-013343,C1286394995492,Alternateur 12V 140A,A1C05DG,9.0,21.0,22.1,20.2,166.54,91,B
ALT-003675,C1289312075912,Alternateur 12V 140A,A1D07DD,7.16,20.5,21.3,21.6,248.94,54,A
ALT-016181,C1283028577729,Alternateur 12V 140A,A1A01B08,7.75,21.9,19.6,22.0,155.07,52,C
ALT-049166,C1285981668519,Alternateur 12V 140A,A1D07DC,6.82,22.8,18.3,22.9,152.96,12,A
ALT-034613,C1286742420583,Alternateur 12V 140A,A1A01B07,7.49,22.4,22.4,19.1,273.56,83,B
ALT-010069,C1283776000404,Alternateur 12V 140A,A1D07DG,8.02,21.6,19.1,23.3,196.18,24,A
ALT-008108,C1287715962955,Alternateur 12V 140A,A1A01B06,7.41,22.1,18.6,23.4,206.46,43,C
ALT-041348,C1283972364364,Alternateur 12V 140A,A1B07DD,7.12,20.2,19.6,24.5,159.55,24,B
ALT-032270,C1284319172442,Alternateur 12V 140A,A1B07DG,5.57,21.8,19.4,23.1,253.01,16,B
ALT-048474,C1282893929421,Alternateur 12V 140A,A1A01B05,7.4,23.6,22.0,18.9,276.01,88,B
ALT-025016,C1285864247033,Alternateur 12V 140A,A1A01B04,7.78,21.0,22.0,21.3,250.28,71,C
ALT-011421,C1286035682675,Alternateur 12V 140A,A1A01B03,6.38,25.2,19.4,20.2,272.36,52,C
ALT-015597,C1284228681776,Alternateur 12V 140A,A1F01DD,5.91,23.4,22.8,18.6,274.98,110,A
ALT-028417,C1281506185874,Alternateur 12V 140A,A1F01DC,6.41,22.1,20.1,22.5,232.65,36,B
ALT-047786,C1286285789617,Alternateur 12V 140A,A1F01DG,7.31,22.8,19.0,23.1,160.77,119,A
ALT-007996,C1289996454871,Alternateur 12V 140A,A1A01B02,5.59,21.6,24.9,18.7,152.39,69,C
ALT-049278,C1288764659944,Alternateur 12V 140A,A1A01B01,7.85,27.0,20.2,18.6,291.76,24,C
ALT-020646,C1282737374438,Alternateur 12V 140A,A1E03ED,7.61,22.4,21.9,20.7,159.06,23,A
ALT-011188,C1289146954730,Alternateur 12V 140A,A1A05B10,7.74,26.8,20.5,18.5,231.41,9,C
ALT-013448,C1287110982168,Alternateur 12V 140A,A1A05B09,8.0,21.8,21.7,21.5,267.73,55,C
ALT-045376,C1285241397514,Alternateur 12V 140A,A1E03EC,6.68,27.2,19.4,19.3,257.51,78,A
ALT-049606,C1281955637106,Alternateur 12V 140A,A1A05B08,7.29,28.7,19.2,18.5,287.84,71,C
ALT-025474,C1289035152104,Alternateur 12V 140A,A1A05B07,6.1,21.7,22.5,20.9,255.00,52,C
ALT-020823,C1281761202407,Alternateur 12V 140A,A1E03EG,7.06,25.6,19.1,21.2,271.47,71,A
ALT-002471,C1283884304774,Alternateur 12V 140A,A1E07FD,6.08,22.1,20.6,22.8,186.15,31,A
ALT-032314,C1285728220904,Alternateur 12V 140A,A1A05B06,6.57,21.3,22.4,21.8,193.44,20,B
ALT-006644,C1288471126774,Alternateur 12V 140A,A1E07FC,6.65,22.2,20.2,23.3,291.48,93,B
ALT-021132,C1287829616086,Alternateur 12V 140A,A1E07FG,6.49,23.3,19.0,23.7,259.64,16,A
ALT-014998,C1287750602822,Alternateur 12V 140A,A1A05B05,7.73,22.1,21.6,22.2,184.97,33,C
ALT-038042,C1283937479970,Alternateur 12V 140A,A1C03ED,5.61,27.7,18.8,20.4,257.70,1,B
ALT-006276,C1285128470916,Alternateur 12V 140A,A1C03EC,6.31,25.2,20.4,20.7,151.88,106,A
ALT-011098,C1286939331478,Alternateur 12V 140A,A1C03EG,7.89,25.0,22.9,18.8,204.83,95,B
ALT-038546,C1281410750954,Alternateur 12V 140A,A1A05B04,8.38,23.1,21.8,21.4,241.73,61,B
ALT-044452,C1283808073244,Alternateur 12V 140A,A1A05B03,6.02,21.8,24.5,20.2,231.49,101,C
ALT-022645,C1289247295760,Alternateur 12V 140A,A1A05B02,7.28,25.7,20.8,20.3,319.41,16,C
ALT-026477,C1286030367301,Alternateur 12V 140A,A1A05B01,8.99,27.0,19.3,21.1,283.11,19,B
ALT-049661,C1282370623666,Alternateur 12V 140A,A1A10CD,6.45,28.9,20.8,18.3,237.79,8,A
ALT-028661,C1283420696672,Alternateur 12V 140A,A1A10CG,6.46,20.7,24.4,21.9,214.07,120,A
ALT-040580,C1283966805610,Alternateur 12V 140A,A1F07B10,5.74,22.5,21.4,23.2,158.89,92,C
ALT-035530,C1287864995132,Alternateur 12V 140A,A1D02DD,5.67,22.1,21.8,23.2,164.65,17,A
ALT-002394,C1287154702079,Alternateur 12V 140A,A1F07B09,6.31,23.8,23.1,20.4,272.97,4,C
ALT-037590,C1289970770689,Alternateur 12V 140A,A1F07B08,8.26,23.0,21.3,23.0,318.30,69,C
ALT-044002,C1287702428491,Alternateur 12V 140A,A1F07B07,7.77,21.7,24.5,21.2,172.07,8,B
ALT-008600,C1283946939453,Alternateur 12V 140A,A1D02DC,6.03,21.6,23.1,22.6,283.55,119,A
ALT-033658,C1281726530755,Alternateur 12V 140A,A1D02DG,7.32,29.0,19.2,20.4,175.47,117,B
ALT-008808,C1288129300002,Alternateur 12V 140A,A1A09DD,8.26,25.9,22.9,19.2,259.46,29,A
ALT-007136,C1289744211247,Alternateur 12V 140A,A1F07B06,7.54,28.0,19.7,20.7,175.86,109,C
ALT-011075,C1281076535351,Alternateur 12V 140A,A1F07B05,8.0,22.4,23.0,22.2,256.66,64,B
ALT-001078,C1289964363457,Alternateur 12V 140A,A1A09DG,7.79,20.8,22.8,24.2,162.26,110,A
ALT-038679,C1288817110512,Alternateur 12V 140A,A1C06DD,6.03,28.0,18.9,21.7,241.69,9,A
ALT-000696,C1284377027502,Alternateur 12V 140A,A1C06DC,6.54,28.8,21.1,18.9,160.72,31,A
ALT-007144,C1288702983302,Alternateur 12V 140A,A1C06DG,6.24,23.3,23.8,20.8,254.41,41,A
ALT-021433,C1281953377628,Alternateur 12V 140A,A1E02DD,5.75,24.3,19.2,24.8,216.32,103,A
ALT-029764,C1285990687675,Alternateur 12V 140A,A1F07B04,7.83,27.2,23.7,18.0,314.53,17,C
ALT-020504,C1287689418907,Alternateur 12V 140A,A1F07B03,8.66,26.9,19.6,22.1,257.59,93,C
ALT-049035,C1289062450592,Alternateur 12V 140A,A1F07B02,8.46,25.5,20.0,22.9,201.33,90,B
ALT-002050,C1288289343284,Alternateur 12V 140A,A1F07B01,8.18,23.8,23.9,20.6,251.42,35,C
ALT-017973,C1286431070469,Alternateur 12V 140A,A1E02DC,6.83,21.1,24.6,22.6,172.52,15,A
ALT-007061,C1287914060717,Alternateur 12V 140A,A1E05B10,7.78,26.0,21.1,21.5,199.60,46,B
ALT-007914,C1286282423793,Alternateur 12V 140A,A1E02DG,7.8,23.4,23.2,21.8,263.69,79,A
ALT-039962,C1283261383675,Alternateur 12V 140A,A1C04DD,6.66,27.7,20.3,21.1,290.52,27,B
ALT-004760,C1289110266169,Alternateur 12V 140A,A1C04DC,5.89,28.5,22.7,18.4,193.93,39,A
ALT-047362,C1284866858714,Alternateur 12V 140A,A1E05B09,8.97,21.7,23.4,23.5,226.65,87,B
ALT-007782,C1281178921071,Alternateur 12V 140A,A1C04DG,7.79,29.8,21.9,18.4,202.79,64,A
ALT-019165,C1284528922684,Alternateur 12V 140A,A1D01CD,8.94,25.1,24.3,19.7,172.42,23,A
ALT-000386,C1281772918179,Alternateur 12V 140A,A1E05B08,7.42,28.2,21.2,20.1,157.17,22,C
ALT-040335,C1285994117528,Alternateur 12V 140A,A1E05B07,6.7,21.6,23.5,23.8,253.85,94,C
ALT-023526,C1281027291604,Alternateur 12V 140A,A1E05B06,6.82,25.3,20.2,24.2,207.33,23,C
ALT-027632,C1289630238384,Alternateur 12V 140A,A1D01CC,6.41,21.7,23.7,24.3,216.49,52,A
RAD-021448,C1285885448641,Radiateur refroidissement,A1D01CG,7.42,50.3,46.3,5.4,196.81,110,A
ALT-008049,C1283811175613,Alternateur 12V 140A,A1C07CD,8.67,24.5,21.6,23.8,153.49,34,A
ALT-033378,C1288653504309,Alternateur 12V 140A,A1C07CC,6.2,25.0,23.9,21.4,304.99,87,B
ALT-036410,C1289005160054,Alternateur 12V 140A,A1E05B05,7.75,26.6,24.7,19.5,168.30,19,C
ALT-005672,C1285728232853,Alternateur 12V 140A,A1E05B04,6.73,23.8,23.9,22.8,226.10,94,C
ALT-003156,C1289554580925,Alternateur 12V 140A,A1C07CG,5.61,21.5,24.2,25.0,311.87,93,A
ALT-020710,C1288759841035,Alternateur 12V 140A,A1E05B03,8.49,27.8,24.6,19.2,232.10,9,C
ALT-022020,C1285396048990,Alternateur 12V 140A,A1E05B02,7.82,25.0,23.4,22.6,168.16,69,C
ALT-030207,C1283616952686,Alternateur 12V 140A,A1E05B01,7.8,27.0,24.0,20.5,191.34,71,C
ALT-043364,C1282831069433,Alternateur 12V 140A,A1A06A02,8.56,25.0,23.2,23.0,221.53,11,C
ALT-003557,C1285241183253,Alternateur 12V 140A,A1A06A01,7.17,26.7,23.4,21.4,180.34,100,C
ALT-049751,C1284735622237,Alternateur 12V 140A,A1F03A02,7.61,26.9,24.7,20.2,198.79,84,C
ALT-003687,C1283407285986,Alternateur 12V 140A,A1F03A01,6.73,22.5,24.8,24.1,179.78,62,C
ALT-046229,C1281474278365,Alternateur 12V 140A,A1E01CD,8.04,28.2,21.9,21.9,173.07,26,A
ALT-028697,C1285428305334,Alternateur 12V 140A,A1E01CC,6.49,28.0,23.9,20.4,304.06,50,B
ALT-035681,C1285015769614,Alternateur 12V 140A,A1B03B10,5.82,27.1,21.0,24.0,272.09,57,C
ALT-028297,C1288749614952,Alternateur 12V 140A,A1E01CG,7.95,24.4,23.9,23.6,274.58,33,B
ALT-036394,C1286564262293,Alternateur 12V 140A,A1B03B09,7.53,24.9,24.0,23.2,298.75,29,C
ALT-036168,C1282790693710,Alternateur 12V 140A,A1B03B08,8.18,28.4,21.0,23.3,148.48,21,C
ALT-028254,C1284676858844,Alternateur 12V 140A,A1B03B07,8.41,26.6,24.2,21.7,163.31,12,C
ALT-028736,C1283031613061,Alternateur 12V 140A,A1D04ED,6.58,28.0,24.6,20.3,194.58,34,A
ALT-025291,C1289378325720,Alternateur 12V 140A,A1D04EC,8.77,27.3,23.6,21.8,232.55,98,B
ALT-048918,C1287839836938,Alternateur 12V 140A,A1B03B06,8.57,29.6,19.8,24.1,273.86,38,B
ALT-043817,C1289305840043,Alternateur 12V 140A,A1D04EG,7.77,25.7,22.8,24.3,219.38,73,A
ALT-026012,C1281229067202,Alternateur 12V 140A,A1B03B05,6.97,28.5,21.3,23.6,256.50,11,B
ALT-028309,C1282369141357,Alternateur 12V 140A,A1D03DD,6.55,27.1,21.7,24.6,287.09,3,A
RAD-026389,C1284414185377,Radiateur refroidissement,A1D03DC,7.61,64.9,43.3,5.2,143.69,105,B
ALT-046126,C1287122929484,Alternateur 12V 140A,A1B03B04,8.57,26.8,23.9,23.0,290.41,115,B
RAD-032083,C1284803515561,Radiateur refroidissement,A1B03B03,5.41,52.2,45.1,6.3,156.35,119,C
ALT-014729,C1287604032458,Alternateur 12V 140A,A1D03DG,7.82,25.8,24.9,23.4,307.76,57,B
ALT-008827,C1288439652798,Alternateur 12V 140A,A1F02FD,8.61,27.3,23.0,24.1,246.01,94,A
ALT-041787,C1286036658179,Alternateur 12V 140A,A1F02FC,5.6,27.4,23.7,23.9,147.05,17,B
ALT-035060,C1287461997889,Alternateur 12V 140A,A1F02FG,7.46,29.6,24.3,21.6,200.17,39,A
RAD-040961,C1283307675060,Radiateur refroidissement,A1B03B02,5.2,70.8,44.2,5.0,148.41,56,B
ALT-027935,C1288780247167,Alternateur 12V 140A,A1B10B10,7.86,29.1,23.9,22.5,173.31,115,B
STR-036099,C1285162010907,Jambe de force suspension,A1B03B01,6.12,67.9,15.3,15.3,172.37,21,C
ALT-039533,C1284365564092,Alternateur 12V 140A,A1F06CD,5.74,26.6,24.4,24.6,292.28,46,C
ALT-026192,C1284006211199,Alternateur 12V 140A,A1F06CC,6.37,28.6,23.9,24.4,300.41,113,C
RAD-036890,C1288557132286,Radiateur refroidissement,A1F06CG,5.25,62.5,44.4,6.1,158.80,81,B
STR-011732,C1289729825161,Jambe de force suspension,A1F04B10,8.1,56.8,19.8,15.2,136.64,62,C
RAD-043154,C1282466643976,Radiateur refroidissement,A1F04B09,7.75,55.2,55.6,5.6,98.70,6,B
RAD-027399,C1281755385030,Radiateur refroidissement,A1B10B09,6.14,56.3,46.0,6.7,100.18,37,A
STR-030670,C1287944609116,Jambe de force suspension,A1B10B08,8.3,60.2,15.1,20.4,152.15,33,A
STR-005914,C1289982576425,Jambe de force suspension,A1F04B08,4.77,57.8,19.5,16.7,169.53,50,B
RAD-006867,C1289866925857,Radiateur refroidissement,A1B10B07,7.54,77.4,40.8,6.1,181.89,113,A
STR-033220,C1283124347663,Jambe de force suspension,A1F04B07,8.14,55.0,18.3,19.3,148.60,107,C
RAD-021227,C1288484605255,Radiateur refroidissement,A1F04B06,7.72,81.7,40.4,6.2,217.39,64,C
STR-002383,C1287975513673,Jambe de force suspension,A1F04B05,6.38,67.8,18.7,16.2,184.27,10,C
RAD-012391,C1289970476278,Radiateur refroidissement,A1F04B04,6.73,82.0,48.3,5.2,207.59,89,C
STR-010438,C1288203942303,Jambe de force suspension,A1B10B06,6.42,63.7,18.5,17.6,102.16,47,A
STR-027160,C1281876347289,Jambe de force suspension,A1B10B05,5.33,66.3,22.1,15.1,83.14,13,A
STR-031193,C1285323065705,Jambe de force suspension,A1F04B03,5.12,70.1,19.5,16.2,148.12,80,C
RAD-027117,C1286041536510,Radiateur refroidissement,A1B10B04,6.02,56.5,43.5,9.1,86.74,33,B
RAD-002612,C1289395233818,Radiateur refroidissement,A1B10B03,7.0,51.8,57.6,7.6,222.88,64,A
STR-045659,C1283205958322,Jambe de force suspension,A1B10B02,8.86,63.7,17.0,21.2,125.41,92,B
STR-039960,C1282067713821,Jambe de force suspension,A1F04B02,9.13,79.7,18.8,15.4,159.15,82,B
RAD-035061,C1286568434440,Radiateur refroidissement,A1B10B01,7.47,62.8,43.4,8.5,192.32,90,B
RAD-005329,C1288636590970,Radiateur refroidissement,A1B09CD,3.55,76.2,51.9,5.9,194.10,85,A
RAD-010681,C1285671803917,Radiateur refroidissement,A1F04B01,6.7,67.5,47.4,7.3,174.36,106,C
RAD-011310,C1282463683563,Radiateur refroidissement,A1B09CG,5.38,58.8,46.1,8.7,165.93,17,A
STR-019015,C1283819479901,Jambe de force suspension,A1B08DD,9.47,68.4,15.9,22.2,116.32,37,A
STR-011598,C1287686263224,Jambe de force suspension,A1B08DG,8.08,82.0,17.1,17.3,149.39,93,B
RAD-035768,C1287229483035,Radiateur refroidissement,A1C01ED,4.95,59.3,46.0,8.9,122.67,94,A
STR-022845,C1285641633463,Jambe de force suspension,A1B02A02,5.95,76.8,16.3,19.5,180.50,68,B
RAD-022532,C1286390562908,Radiateur refroidissement,A1C01EC,6.01,72.6,48.4,7.0,158.58,86,A
RAD-011217,C1287563309727,Radiateur refroidissement,A1C01EG,6.88,78.9,42.6,7.5,150.26,27,B
STR-005600,C1281277288751,Jambe de force suspension,A1C05ED,7.91,73.7,21.8,15.8,170.56,14,A
STR-003866,C1288975307021,Jambe de force suspension,A1B02A01,9.29,75.4,18.4,19.6,116.01,120,C
STR-013432,C1281798153383,Jambe de force suspension,A1B04A02,5.31,77.1,21.6,16.5,134.53,85,C
STR-007727,C1286700932013,Jambe de force suspension,A1B04A01,6.43,84.8,17.4,18.7,183.01,86,B
STR-023248,C1283630463525,Jambe de force suspension,A1C05EC,5.51,66.3,24.5,17.0,168.32,52,B
RAD-049415,C1283512410663,Radiateur refroidissement,A1C05EG,5.06,78.9,57.4,6.1,91.63,34,A
STR-047020,C1281154916052,Jambe de force suspension,A1F05CD,8.62,74.5,21.5,17.3,98.77,25,C
STR-033950,C1283757347481,Jambe de force suspension,A1A02B10,8.21,80.1,23.1,15.6,155.27,38,C
STR-026554,C1288509821959,Jambe de force suspension,A1A02B09,9.1,57.6,23.6,21.5,85.56,70,B
STR-037922,C1283044695423,Jambe de force suspension,A1D07ED,6.91,78.1,19.9,18.9,125.37,28,A
RAD-041112,C1288732321995,Radiateur refroidissement,A1A02B08,6.28,59.9,44.5,11.2,185.92,104,B
STR-017865,C1282475251600,Jambe de force suspension,A1A02B07,8.4,80.7,21.2,17.6,108.40,110,C
STR-033016,C1287759858744,Jambe de force suspension,A1A02B06,8.44,68.7,22.3,20.0,113.26,107,C
STR-024514,C1282113662961,Jambe de force suspension,A1A02B05,8.45,72.8,21.4,19.9,181.00,66,C
RAD-032968,C1286442657628,Radiateur refroidissement,A1A02B04,4.46,62.7,61.9,8.0,136.65,53,B
RAD-022802,C1283003242282,Radiateur refroidissement,A1A02B03,7.81,64.4,52.0,9.5,94.71,80,C
STR-048610,C1284127929275,Jambe de force suspension,A1A02B02,7.12,74.5,18.5,23.1,158.52,9,C
STR-030017,C1285230013363,Jambe de force suspension,A1D07EC,9.43,57.2,23.7,23.5,89.77,80,B
RAD-021829,C1281174728663,Radiateur refroidissement,A1D07EG,4.03,76.5,49.5,8.5,113.41,65,A
RAD-006901,C1282575874655,Radiateur refroidissement,A1F01ED,3.74,57.2,47.1,12.0,148.87,97,A
STR-026829,C1283697489281,Jambe de force suspension,A1A02B01,6.18,67.9,21.9,21.8,157.37,42,B
RAD-047103,C1289842277042,Radiateur refroidissement,A1F01EC,5.29,80.5,50.2,8.1,96.41,32,A
STR-040691,C1286926867038,Jambe de force suspension,A1F01EG,7.92,74.5,21.3,21.7,90.97,50,B
RAD-027411,C1284894196746,Radiateur refroidissement,A1E03FD,6.58,80.2,48.0,9.1,204.93,102,B
STR-026017,C1287496892625,Jambe de force suspension,A1E03FC,7.22,76.8,24.4,18.7,90.54,13,A
STR-026459,C1285566310956,Jambe de force suspension,A1E03FG,7.61,72.4,24.6,20.0,153.83,34,A
STR-018328,C1285262695465,Jambe de force suspension,A1A04B10,6.88,68.6,21.2,24.5,92.25,117,B
RAD-035850,C1287716096359,Radiateur refroidissement,A1A04B09,5.36,68.9,46.6,11.1,131.70,40,B
RAD-012102,C1281485855553,Radiateur refroidissement,A1A10DD,7.19,70.2,55.8,9.2,203.64,46,B
RAD-036481,C1284001684946,Radiateur refroidissement,A1A10DG,5.41,77.7,59.5,7.8,87.11,49,A
RAD-011200,C1283413881876,Radiateur refroidissement,A1D02ED,6.8,65.3,61.4,9.1,162.52,110,A
RAD-043658,C1283890879014,Radiateur refroidissement,A1D02EC,4.03,75.7,55.5,8.7,184.60,53,A
RAD-043035,C1288508083255,Radiateur refroidissement,A1A04B08,6.83,73.6,58.0,9.0,97.28,94,C
RAD-038113,C1286694342342,Radiateur refroidissement,A1A04B07,7.35,82.7,53.0,8.8,145.45,92,C
STR-012151,C1285888977035,Jambe de force suspension,A1A04B06,8.06,75.6,22.2,23.0,110.08,59,B
RAD-025491,C1284909486158,Radiateur refroidissement,A1A04B05,7.73,78.1,48.1,10.6,152.13,32,C
RAD-013421,C1286130944993,Radiateur refroidissement,A1D02EG,7.41,70.5,54.5,10.4,105.93,17,A
STR-021833,C1282471178418,Jambe de force suspension,A1C06ED,6.38,72.2,23.1,24.3,155.65,102,A
RAD-036952,C1283801000235,Radiateur refroidissement,A1A04B04,6.7,65.3,64.0,9.7,190.71,58,B
RAD-038734,C1287856248961,Radiateur refroidissement,A1C06EC,6.79,79.6,46.4,11.0,216.84,22,A
STR-044541,C1289204204769,Jambe de force suspension,A1C06EG,9.24,78.8,21.5,24.0,174.97,109,A
RAD-025660,C1284477507081,Radiateur refroidissement,A1A04B03,3.8,63.0,61.7,10.7,113.99,24,B
STR-023469,C1286641045793,Jambe de force suspension,A1A04B02,7.2,72.2,24.1,24.4,107.98,33,C
RAD-008323,C1288116078985,Radiateur refroidissement,A1E02ED,6.92,64.8,56.6,11.8,155.37,77,A
RAD-009416,C1285875256789,Radiateur refroidissement,A1A04B01,5.4,72.6,64.2,9.3,98.18,76,C
RAD-049573,C1286662762337,Radiateur refroidissement,A1E02EC,5.83,65.3,59.8,11.2,148.36,95,A
STR-021278,C1282202035641,Jambe de force suspension,A1E02EG,9.03,83.6,22.8,24.1,114.67,47,A
RAD-023664,C1283447061604,Radiateur refroidissement,A1F06B10,7.19,73.1,56.5,11.2,164.53,104,B
EXH-006471,C1283328416519,Silencieux échappement,A1F06B09,17.69,86.2,25.1,21.8,166.80,14,B
RAD-014202,C1281660789382,Radiateur refroidissement,A1C04ED,4.03,76.8,53.4,11.6,108.57,56,A
RAD-042341,C1287030061776,Radiateur refroidissement,A1F06B08,3.85,78.6,58.0,10.9,156.87,17,C
RAD-048210,C1283060402379,Radiateur refroidissement,A1C04EC,5.84,79.5,60.2,10.7,204.13,52,B
EXH-008322,C1285556698360,Silencieux échappement,A1C04EG,15.76,82.3,27.7,23.8,289.12,38,B
EXH-036786,C1287154789058,Silencieux échappement,A1D01DD,9.34,96.7,31.8,18.3,262.75,54,B
RAD-042234,C1286839414029,Radiateur refroidissement,A1D01DC,5.83,74.9,64.9,11.6,125.66,54,A
EXH-007271,C1281675484369,Silencieux échappement,A1F06B07,16.19,82.4,26.5,28.4,269.35,96,C
EXH-011058,C1285965185331,Silencieux échappement,A1D01DG,8.26,86.8,39.6,18.2,189.14,6,A
EXH-027693,C1282544205561,Silencieux échappement,A1C07DD,9.1,110.8,32.0,18.1,172.41,21,A
EXH-047317,C1284262274360,Silencieux échappement,A1C07DC,8.85,101.7,35.1,18.0,277.13,101,A
EXH-023641,C1287002106783,Silencieux échappement,A1C07DG,15.01,89.3,34.7,21.3,211.36,93,B
EXH-002926,C1284554705711,Silencieux échappement,A1E01DD,10.94,104.9,28.0,23.6,201.48,113,A
EXH-007432,C1287648995771,Silencieux échappement,A1F06B06,10.96,101.8,29.8,22.9,245.06,115,C
EXH-010861,C1286625994834,Silencieux échappement,A1E01DC,12.5,119.9,33.7,18.7,150.10,21,A
EXH-010382,C1288364848742,Silencieux échappement,A1F06B05,16.3,135.6,28.0,20.2,125.64,59,C
EXH-032819,C1285617842794,Silencieux échappement,A1E01DG,9.75,97.2,33.1,24.2,116.36,57,B
EXH-027741,C1289541773860,Silencieux échappement,A1D03ED,12.51,92.7,36.5,23.1,156.30,110,A
EXH-030138,C1289225269828,Silencieux échappement,A1D03EC,9.36,97.4,33.3,24.1,234.05,7,A
EXH-026223,C1283361728226,Silencieux échappement,A1F06B04,9.92,87.0,32.0,29.7,194.13,25,B
EXH-004212,C1282946854122,Silencieux échappement,A1F06B03,8.45,116.5,27.0,26.4,149.92,0,C
EXH-037084,C1287086726165,Silencieux échappement,A1F06B02,12.13,96.7,41.8,20.8,238.31,118,C
EXH-036682,C1285987032511,Silencieux échappement,A1D03EG,12.09,114.3,32.6,22.8,234.73,0,A
EXH-037497,C1282975929566,Silencieux échappement,A1F06B01,17.13,93.5,34.3,26.5,208.58,69,C
EXH-034377,C1283861166953,Silencieux échappement,A1F05B10,13.4,89.6,38.5,25.5,185.46,29,C
EXH-028703,C1286315494611,Silencieux échappement,A1F05B09,17.25,111.0,28.0,28.9,152.20,104,B
EXH-030318,C1287653367356,Silencieux échappement,A1B10CD,11.78,95.4,40.2,23.5,179.45,1,A
EXH-011414,C1285110938579,Silencieux échappement,A1B10CG,15.76,128.6,28.1,25.6,262.56,53,A
EXH-027559,C1285687860278,Silencieux échappement,A1F05B08,13.4,95.3,35.2,27.7,157.58,113,B
EXH-013603,C1281939381423,Silencieux échappement,A1B09DD,16.45,92.4,43.4,23.2,136.70,39,B
EXH-036302,C1289366491227,Silencieux échappement,A1F05B07,11.87,128.1,40.7,18.7,275.91,66,C
EXH-046830,C1284171727607,Silencieux échappement,A1B09DG,8.34,111.8,40.2,21.9,250.98,13,A
EXH-020058,C1286655832751,Silencieux échappement,A1F01FD,13.08,115.0,41.5,20.9,237.93,97,A
EXH-033547,C1287110966165,Silencieux échappement,A1F05B06,12.96,119.1,30.9,27.4,222.59,8,C
EXH-005364,C1286600280740,Silencieux échappement,A1F01FC,14.8,112.5,41.5,21.6,206.87,93,A
EXH-025734,C1286387355300,Silencieux échappement,A1F05B05,10.05,102.5,44.0,22.7,224.06,116,C
EXH-008474,C1289133476466,Silencieux échappement,A1A03B10,13.11,126.1,34.6,23.5,233.02,113,C
EXH-047688,C1285611256082,Silencieux échappement,A1A03B09,14.83,114.3,42.6,21.4,176.22,48,B
EXH-009543,C1282084578362,Silencieux échappement,A1F01FG,14.59,108.6,40.3,24.5,265.72,1,A
EXH-045581,C1288329777306,Silencieux échappement,A1E02FD,17.34,128.1,43.6,19.3,133.59,34,A
EXH-045719,C1287183436615,Silencieux échappement,A1A03B08,9.32,120.0,39.6,22.7,210.05,72,C
EXH-049698,C1287927151711,Silencieux échappement,A1A03B07,16.98,130.1,33.1,25.6,237.99,120,B
EXH-031997,C1288240120919,Silencieux échappement,A1A03B06,17.1,110.6,44.8,22.5,132.55,14,B
EXH-013458,C1285160553578,Silencieux échappement,A1A03B05,8.18,111.4,39.2,25.7,112.80,69,C
EXH-002023,C1289422057728,Silencieux échappement,A1A03B04,16.62,127.4,34.3,28.0,150.80,65,B
EXH-042500,C1286798084867,Silencieux échappement,A1A03B03,13.19,134.0,35.5,26.2,138.89,43,C
EXH-047143,C1284830403694,Silencieux échappement,A1E02FC,8.62,131.3,36.9,25.8,116.32,23,A
EXH-024791,C1287920928816,Silencieux échappement,A1E02FG,9.82,137.6,36.2,25.3,185.10,75,A
EXH-046969,C1289270294743,Silencieux échappement,A1A03B02,9.68,126.0,36.5,28.7,235.30,0,B
EXH-033760,C1286301042574,Silencieux échappement,A1A03B01,14.11,128.2,39.4,27.2,138.75,24,B
EXH-034008,C1286266508575,Silencieux échappement,A1D01ED,17.83,139.8,33.8,29.5,128.08,24,A
EXH-003743,C1288969057043,Silencieux échappement,A1D01EC,16.48,133.8,37.4,29.1,225.36,68,B
EXH-005916,C1288047228673,Silencieux échappement,A1D01EG,15.58,126.1,43.7,27.3,224.54,117,A
EXH-006384,C1289485571421,Silencieux échappement,A1C07ED,9.55,135.1,40.0,29.1,246.23,74,A
BMP-022552,C1286525375475,Pare-chocs AV primaire,A1F05B04,12.97,151.0,46.2,38.4,269.55,14,B
BMP-021353,C1289110903959,Pare-chocs AV primaire,A1F05B03,10.45,167.4,45.8,35.3,245.11,48,B
BMP-027564,C1282640176933,Pare-chocs AV primaire,A1F05B02,7.39,164.6,48.9,36.5,155.82,106,B
BMP-019552,C1284556954345,Pare-chocs AV primaire,A1C07EC,10.8,169.6,46.5,40.5,254.31,82,A
BMP-047824,C1285358253195,Pare-chocs AV primaire,A1F05B01,7.11,174.8,55.4,35.6,230.67,96,B
BMP-011173,C1282864725110,Pare-chocs AV primaire,A1F05CC,11.6,178.8,49.9,40.4,196.05,7,C
BMP-008662,C1288148577801,Pare-chocs AV primaire,A1F05CG,8.81,163.7,45.4,49.2,246.72,118,C
BMP-018983,C1282268870215,Pare-chocs AV primaire,A1C07EG,9.45,158.0,51.2,46.2,357.76,57,A
BMP-031575,C1289864046303,Pare-chocs AV primaire,A1A03CD,12.84,161.3,59.1,40.0,303.12,91,C
BMP-026798,C1281732575365,Pare-chocs AV primaire,A1A03CG,8.85,186.1,45.4,45.7,279.15,98,B
BMP-032662,C1285912280336,Pare-chocs AV primaire,A1E06A02,12.61,194.0,45.7,43.8,325.90,93,C
BMP-017475,C1286205220764,Pare-chocs AV primaire,A1E06A01,11.16,175.2,57.8,38.4,157.24,95,C
BMP-037287,C1286090930533,Pare-chocs AV primaire,A1A01A02,10.6,173.6,55.6,40.6,223.14,99,C
BMP-011953,C1282071249715,Pare-chocs AV primaire,A1E01ED,10.23,150.6,63.9,41.4,322.55,47,A
BMP-040571,C1287999049864,Pare-chocs AV primaire,A1E01EC,10.19,156.6,64.3,40.2,180.76,95,B
BMP-045900,C1283525487709,Pare-chocs AV primaire,A1E01EG,8.57,175.6,58.3,39.7,311.27,95,A
BMP-028097,C1288440991137,Pare-chocs AV primaire,A1A01A01,11.6,173.2,59.5,39.5,361.01,118,B
BMP-040561,C1282504615073,Pare-chocs AV primaire,A1A05A02,9.27,157.1,54.9,47.2,214.46,16,B
BMP-015211,C1283433182879,Pare-chocs AV primaire,A1A05A01,11.55,177.2,54.3,43.0,201.67,119,B
BMP-027139,C1286274356974,Pare-chocs AV primaire,A1B10DD,9.11,175.5,61.8,38.2,170.06,104,B
BMP-014589,C1288936708399,Pare-chocs AV primaire,A1F07A02,9.92,189.6,46.8,47.0,262.44,92,B
BMP-014788,C1288286486900,Pare-chocs AV primaire,A1F07A01,8.67,157.6,52.8,50.9,226.51,92,C
BMP-037254,C1285448512478,Pare-chocs AV primaire,A1E05A02,10.52,187.2,53.7,43.4,195.26,12,C
BMP-048109,C1283471016206,Pare-chocs AV primaire,A1E05A01,9.87,187.7,48.5,48.7,353.62,33,C
BMP-006597,C1283795896300,Pare-chocs AV primaire,A1B10DG,12.51,183.7,57.2,42.2,345.91,3,A
BMP-004295,C1287685852493,Pare-chocs AV primaire,A1E01FD,11.13,192.9,50.9,46.8,356.23,7,A
BMP-035086,C1287094366562,Pare-chocs AV primaire,A1B03A02,10.14,175.0,58.2,45.3,283.83,16,C
BMP-043188,C1288428826156,Pare-chocs AV primaire,A1B03A01,12.99,172.7,60.5,45.0,187.60,105,C
BMP-030588,C1287656853611,Pare-chocs AV primaire,A1F04A02,8.72,168.1,61.6,45.7,159.63,12,C
BMP-000516,C1284219850127,Pare-chocs AV primaire,A1F04A01,7.92,183.4,55.0,47.2,160.40,10,C
BMP-006087,C1288690826409,Pare-chocs AV primaire,A1A02A02,12.3,164.5,59.0,49.5,358.46,57,C
BMP-011917,C1284069019470,Pare-chocs AV primaire,A1A02A01,11.81,194.9,55.1,45.0,152.36,94,C
BMP-045109,C1283122734540,Pare-chocs AV primaire,A1A04A02,9.37,172.8,58.1,48.5,181.90,21,C
BMP-022458,C1286430184693,Pare-chocs AV primaire,A1A04A01,7.01,153.3,59.9,53.3,252.19,47,B
BMP-048102,C1288884459317,Pare-chocs AV primaire,A1F06A02,7.33,188.9,49.7,53.2,146.64,95,C
BMP-018500,C1285728974592,Pare-chocs AV primaire,A1F06A01,7.4,165.8,60.8,49.8,311.70,101,C
BMP-002977,C1286557797093,Pare-chocs AV primaire,A1F05A02,7.63,167.3,62.4,49.4,352.81,40,B
BMP-047146,C1287695682991,Pare-chocs AV primaire,A1E01FC,8.07,190.2,61.8,44.6,174.19,44,A
BMP-006001,C1284715296277,Pare-chocs AV primaire,A1F05A01,8.35,189.8,55.3,50.1,182.44,71,C
BMP-031963,C1289103570886,Pare-chocs AV primaire,A1E01FG,11.76,183.4,58.8,53.8,189.15,94,A
BMP-042309,C1288560548707,Pare-chocs AV primaire,A1A03A02,9.29,194.2,61.7,50.0,244.54,67,B
BMP-030532,C1283215102920,Pare-chocs AV primaire,A1A03A01,10.71,193.8,62.7,50.9,312.59,81,B
